{
  "available": true,
  "field_name": "potxx",
  "grid_shape": [
    329,
    626
  ],
  "maximum": 3.9312963274209434,
  "mean": 1.3930021531679553,
  "minimum": -0.332932319295394,
  "parse_status": "ok",
  "time_points": [
    1218.2000201713809,
    1218.3000201715831,
    1218.4000201717854,
    1218.5000201719877,
    1218.60002017219
  ]
}