{
  "field_name": "phi",
  "frame_maxima": [
    0.0,
    0.04000000000000003,
    0.08000000000000004
  ],
  "frame_minima": [
    0.0,
    0.03999999999999997,
    0.07999999999999999
  ],
  "geometry_shape": {
    "x": 4,
    "y": 6
  },
  "global_max": 0.08000000000000004,
  "global_min": 0.0,
  "lcfs_level": 0.0,
  "time_points": [
    0.0,
    0.25,
    0.5
  ]
}