{
  "field_name": "phi",
  "frame_maxima": [
    0.0,
    0.20000000000000012,
    0.40000000000000013
  ],
  "frame_minima": [
    0.0,
    0.1999999999999999,
    0.39999999999999986
  ],
  "geometry_shape": {
    "x": 4,
    "y": 6
  },
  "global_max": 0.40000000000000013,
  "global_min": 0.0,
  "lcfs_level": 0.0,
  "time_points": [
    0.0,
    0.25,
    0.5
  ]
}