{
  "backend": "cpu",
  "batch_results": [
    {
      "batch_size": 1,
      "batch_warmup_seconds": 3.9200186250382103,
      "batched_jvp_samples": [
        0.00025450001703575253,
        0.0002014999627135694,
        0.0001897079637274146,
        0.00018933298997581005,
        0.00017849996220320463,
        0.0002198750153183937,
        0.0001830830005928874
      ],
      "batched_jvp_seconds_median": 0.0001897079637274146,
      "batched_jvp_states_per_second": 5271.259995373038,
      "batched_jvp_warmup_seconds": 2.554137042025104,
      "batched_residual_samples": [
        0.00013920897617936134,
        7.629097672179341e-05,
        7.045804522931576e-05,
        7.229100447148085e-05,
        6.754195783287287e-05,
        9.841698920354247e-05,
        8.274998981505632e-05
      ],
      "batched_residual_seconds_median": 7.629097672179341e-05,
      "batched_residual_states_per_second": 13107.710019844828,
      "batched_residual_warmup_seconds": 1.3629592079669237,
      "direction_build_seconds": 0.0021619159961119294,
      "jvp_batched_serial_max_abs_error": 0.0,
      "jvp_speedup_vs_serial": 1.1515489583505925,
      "pmap_batch_size": 0,
      "pmap_device_count": 0,
      "pmap_jvp_batched_max_abs_error": null,
      "pmap_jvp_samples": null,
      "pmap_jvp_seconds_median": null,
      "pmap_jvp_speedup_vs_batched": null,
      "pmap_jvp_speedup_vs_serial": null,
      "pmap_jvp_states_per_second": null,
      "residual_batched_serial_max_abs_error": 0.0,
      "residual_speedup_vs_serial": 1.103786692139663,
      "serial_jvp_samples": [
        0.00026474997866898775,
        0.00021962501341477036,
        0.00021929200738668442,
        0.00021545798517763615,
        0.00020787498215213418,
        0.00020116695668548346,
        0.00021845800802111626
      ],
      "serial_jvp_seconds_median": 0.00021845800802111626,
      "serial_jvp_states_per_second": 4577.538763895254,
      "serial_residual_samples": [
        9.654200403019786e-05,
        8.679198799654841e-05,
        8.479197276756167e-05,
        8.300004992634058e-05,
        8.420896483585238e-05,
        7.700000423938036e-05,
        8.175004040822387e-05
      ],
      "serial_residual_seconds_median": 8.420896483585238e-05,
      "serial_residual_states_per_second": 11875.220197152275,
      "serial_warmup_seconds": 0.002922375046182424
    },
    {
      "batch_size": 4,
      "batch_warmup_seconds": 4.058982292015571,
      "batched_jvp_samples": [
        0.0007722090231254697,
        0.0006854159873910248,
        0.0006679580546915531,
        0.0006510419771075249,
        0.0007109169964678586,
        0.0007428749813698232,
        0.0006278340006247163
      ],
      "batched_jvp_seconds_median": 0.0006854159873910248,
      "batched_jvp_states_per_second": 5835.8720449834345,
      "batched_jvp_warmup_seconds": 2.624589500017464,
      "batched_residual_samples": [
        0.0002987090265378356,
        0.00025333400117233396,
        0.00024754198966547847,
        0.0002395000192336738,
        0.0002484159776940942,
        0.0002571250079199672,
        0.00019362499006092548
      ],
      "batched_residual_seconds_median": 0.0002484159776940942,
      "batched_residual_states_per_second": 16102.023859856965,
      "batched_residual_warmup_seconds": 1.429666250012815,
      "direction_build_seconds": 0.019184291013516486,
      "jvp_batched_serial_max_abs_error": 0.0,
      "jvp_speedup_vs_serial": 1.2158674255056556,
      "pmap_batch_size": 0,
      "pmap_device_count": 0,
      "pmap_jvp_batched_max_abs_error": null,
      "pmap_jvp_samples": null,
      "pmap_jvp_seconds_median": null,
      "pmap_jvp_speedup_vs_batched": null,
      "pmap_jvp_speedup_vs_serial": null,
      "pmap_jvp_states_per_second": null,
      "residual_batched_serial_max_abs_error": 0.0,
      "residual_speedup_vs_serial": 1.6662253728776306,
      "serial_jvp_samples": [
        0.0009132919949479401,
        0.0008570409845560789,
        0.0008333749719895422,
        0.0008152090013027191,
        0.0008367080008611083,
        0.0008137919940054417,
        0.0008200409938581288
      ],
      "serial_jvp_seconds_median": 0.0008333749719895422,
      "serial_jvp_states_per_second": 4799.76017332351,
      "serial_residual_samples": [
        0.00040858302963897586,
        0.000428917002864182,
        0.0003689170116558671,
        0.0004178329836577177,
        0.00041391700506210327,
        0.00040333298966288567,
        0.00041929102735593915
      ],
      "serial_residual_seconds_median": 0.00041391700506210327,
      "serial_residual_states_per_second": 9663.773053730538,
      "serial_warmup_seconds": 0.004726541985291988
    },
    {
      "batch_size": 16,
      "batch_warmup_seconds": 3.942964625020977,
      "batched_jvp_samples": [
        0.0016862910124473274,
        0.0019262499990873039,
        0.0018010420026257634,
        0.001814541989006102,
        0.0018292089807800949,
        0.0018433330114930868,
        0.001651874976232648
      ],
      "batched_jvp_seconds_median": 0.001814541989006102,
      "batched_jvp_states_per_second": 8817.65211107837,
      "batched_jvp_warmup_seconds": 2.7089171670377254,
      "batched_residual_samples": [
        0.0007723330054432154,
        0.000720249954611063,
        0.0007170409662649035,
        0.0006834999658167362,
        0.0006090839742682874,
        0.0005895410431548953,
        0.0006140420446172357
      ],
      "batched_residual_seconds_median": 0.0006834999658167362,
      "batched_residual_states_per_second": 23408.92582325309,
      "batched_residual_warmup_seconds": 1.2253167500020936,
      "direction_build_seconds": 0.018772000039462,
      "jvp_batched_serial_max_abs_error": 0.0,
      "jvp_speedup_vs_serial": 2.094352739693729,
      "pmap_batch_size": 0,
      "pmap_device_count": 0,
      "pmap_jvp_batched_max_abs_error": null,
      "pmap_jvp_samples": null,
      "pmap_jvp_seconds_median": null,
      "pmap_jvp_speedup_vs_batched": null,
      "pmap_jvp_speedup_vs_serial": null,
      "pmap_jvp_states_per_second": null,
      "residual_batched_serial_max_abs_error": 0.0,
      "residual_speedup_vs_serial": 1.6766029036554584,
      "serial_jvp_samples": [
        0.00399225001456216,
        0.004132916976232082,
        0.004003000038210303,
        0.0038002909859642386,
        0.0036222089547663927,
        0.0036428329767659307,
        0.003495874989312142
      ],
      "serial_jvp_seconds_median": 0.0038002909859642386,
      "serial_jvp_states_per_second": 4210.203918356099,
      "serial_residual_samples": [
        0.0012504170299507678,
        0.0011459580273367465,
        0.001168791961390525,
        0.0011420840164646506,
        0.0011297499877400696,
        0.0011775839957408607,
        0.0011242080363444984
      ],
      "serial_residual_seconds_median": 0.0011459580273367465,
      "serial_residual_states_per_second": 13962.116952210421,
      "serial_warmup_seconds": 0.008730707981158048
    },
    {
      "batch_size": 64,
      "batch_warmup_seconds": 4.047000333026517,
      "batched_jvp_samples": [
        0.006781750009395182,
        0.006939958955626935,
        0.006751250009983778,
        0.006660750019364059,
        0.007116540975403041,
        0.0068608750007115304,
        0.0075981669942848384
      ],
      "batched_jvp_seconds_median": 0.0068608750007115304,
      "batched_jvp_states_per_second": 9328.256234571052,
      "batched_jvp_warmup_seconds": 2.7722911249729805,
      "batched_residual_samples": [
        0.0020010839798487723,
        0.002104416023939848,
        0.0018633329891599715,
        0.0019552920130081475,
        0.0018810000037774444,
        0.0022577919880859554,
        0.002098000026308
      ],
      "batched_residual_seconds_median": 0.0020010839798487723,
      "batched_residual_states_per_second": 31982.665717426145,
      "batched_residual_warmup_seconds": 1.2458378750015981,