{
  "backend": "cpu",
  "batch_results": [
    {
      "batch_size": 1,
      "batched_jvp_samples": [
        0.000312417047098279,
        0.00028208299772813916,
        0.00023620901629328728,
        0.0002577499835751951,
        0.0002574169775471091,
        0.00025166699197143316,
        0.00023499998496845365
      ],
      "batched_jvp_seconds_median": 0.0002574169775471091,
      "batched_jvp_states_per_second": 3884.747655453273,
      "batched_residual_samples": [
        0.0001413749996572733,
        0.00010729103814810514,
        9.8459015134722e-05,
        9.837502148002386e-05,
        9.462499292567372e-05,
        0.00010975002078339458,
        0.00010570901213213801
      ],
      "batched_residual_seconds_median": 0.00010570901213213801,
      "batched_residual_states_per_second": 9459.93137037345,
      "jvp_batched_serial_max_abs_error": 0.0,
      "jvp_speedup_vs_serial": 1.030102953380412,
      "pmap_batch_size": 0,
      "pmap_device_count": 0,
      "pmap_jvp_batched_max_abs_error": null,
      "pmap_jvp_samples": null,
      "pmap_jvp_seconds_median": null,
      "pmap_jvp_speedup_vs_batched": null,
      "pmap_jvp_speedup_vs_serial": null,
      "pmap_jvp_states_per_second": null,
      "residual_batched_serial_max_abs_error": 0.0,
      "residual_speedup_vs_serial": 1.147404253257176,
      "serial_jvp_samples": [
        0.00033004203578457236,
        0.00025595800252631307,
        0.0003118340391665697,
        0.00026454200269654393,
        0.0002709580003283918,
        0.0002651659888215363,
        0.00025762495351955295
      ],
      "serial_jvp_seconds_median": 0.0002651659888215363,
      "serial_jvp_states_per_second": 3771.22271390931,
      "serial_residual_samples": [
        0.0001776249846443534,
        0.00011325004743412137,
        0.00011449999874457717,
        0.0001313749817200005,
        0.00011687498772516847,
        0.00012316700303927064,
        0.00012129097012802958
      ],
      "serial_residual_seconds_median": 0.00012129097012802958,
      "serial_residual_states_per_second": 8244.636834419269
    },
    {
      "batch_size": 4,
      "batched_jvp_samples": [
        0.0007489999989047647,
        0.0007169169839471579,
        0.000676124996971339,
        0.0006655000033788383,
        0.0007094999891705811,
        0.0006976249860599637,
        0.000731875014025718
      ],
      "batched_jvp_seconds_median": 0.0007094999891705811,
      "batched_jvp_states_per_second": 5637.773165685422,
      "batched_residual_samples": [
        0.00032116699730977416,
        0.00026704103220254183,
        0.00024883297737687826,
        0.0002607919741421938,
        0.0002566250041127205,
        0.0002637500292621553,
        0.00026000000070780516
      ],
      "batched_residual_seconds_median": 0.0002607919741421938,
      "batched_residual_states_per_second": 15337.89532119208,
      "jvp_batched_serial_max_abs_error": 0.0,
      "jvp_speedup_vs_serial": 1.4492008732051715,
      "pmap_batch_size": 0,
      "pmap_device_count": 0,
      "pmap_jvp_batched_max_abs_error": null,
      "pmap_jvp_samples": null,
      "pmap_jvp_seconds_median": null,
      "pmap_jvp_speedup_vs_batched": null,
      "pmap_jvp_speedup_vs_serial": null,
      "pmap_jvp_states_per_second": null,
      "residual_batched_serial_max_abs_error": 0.0,
      "residual_speedup_vs_serial": 1.5427390850581157,
      "serial_jvp_samples": [
        0.0011190000222995877,
        0.0010249170009046793,
        0.0010555830085650086,
        0.001018500013742596,
        0.0010004580253735185,
        0.0010282080038450658,
        0.0010509580024518073
      ],
      "serial_jvp_seconds_median": 0.0010282080038450658,
      "serial_jvp_states_per_second": 3890.2634340927916,
      "serial_residual_samples": [
        0.00042204197961837053,
        0.0004099590005353093,
        0.00037287501618266106,
        0.0004023339715786278,
        0.0003980830078944564,
        0.000419457966927439,
        0.0003980419714935124
      ],
      "serial_residual_seconds_median": 0.0004023339715786278,
      "serial_residual_states_per_second": 9941.989199433741
    },
    {
      "batch_size": 16,
      "batched_jvp_samples": [
        0.0017607499612495303,
        0.001731583965010941,
        0.0018272500019520521,
        0.0016116669867187738,
        0.001609915983863175,
        0.001554250018671155,
        0.0016459170146845281
      ],
      "batched_jvp_seconds_median": 0.0016459170146845281,
      "batched_jvp_states_per_second": 9721.024728009577,
      "batched_residual_samples": [
        0.0008054170175455511,
        0.0006239580106921494,
        0.0007325410260818899,
        0.0006712910253554583,
        0.0008010829915292561,
        0.0006616670289076865,
        0.0007991250022314489
      ],
      "batched_residual_seconds_median": 0.0007325410260818899,
      "batched_residual_states_per_second": 21841.780091933553,
      "jvp_batched_serial_max_abs_error": 0.0,
      "jvp_speedup_vs_serial": 2.2275320981393865,
      "pmap_batch_size": 0,
      "pmap_device_count": 0,
      "pmap_jvp_batched_max_abs_error": null,
      "pmap_jvp_samples": null,
      "pmap_jvp_seconds_median": null,
      "pmap_jvp_speedup_vs_batched": null,
      "pmap_jvp_speedup_vs_serial": null,
      "pmap_jvp_states_per_second": null,
      "residual_batched_serial_max_abs_error": 0.0,
      "residual_speedup_vs_serial": 2.038168419936847,
      "serial_jvp_samples": [
        0.0039642080082558095,
        0.003591959015466273,
        0.0036985829938203096,
        0.0035626250319182873,
        0.0036961670266464353,
        0.003666332981083542,
        0.0035875829635187984
      ],
      "serial_jvp_seconds_median": 0.003666332981083542,
      "serial_jvp_states_per_second": 4364.033513200262,
      "serial_residual_samples": [
        0.0015574160497635603,
        0.0015149999526329339,
        0.0015156250447034836,
        0.001493041985668242,
        0.0014884999836795032,
        0.0014310000115074217,
        0.0014927500160411
      ],
      "serial_residual_seconds_median": 0.001493041985668242,
      "serial_residual_states_per_second": 10716.37646736295
    },
    {
      "batch_size": 64,
      "batched_jvp_samples": [
        0.006957750010769814,
        0.006698375043924898,
        0.0066495410283096135,
        0.006608541996683925,
        0.006645957997534424,
        0.006823375006206334,
        0.006786958023440093
      ],
      "batched_jvp_seconds_median": 0.006698375043924898,
      "batched_jvp_states_per_second": 9554.556079693522,
      "batched_residual_samples": [
        0.001968374999705702,
        0.0018492089584469795,
        0.002100665995385498,
        0.0018674159655347466,
        0.0016617500223219395,
        0.0019031669944524765,
        0.0018501660088077188
      ],
      "batched_residual_seconds_median": 0.0018674159655347466,
      "batched_residual_states_per_second": 34271.957175686446,
      "jvp_batched_serial_max_abs_error": 0.0,
      "jvp_speedup_vs_serial": 2.1657554132331347,
      "pmap_batch_size": 0,
      "pmap_device_count": 0,
      "pmap_jvp_batched_max_abs_error": null,
      "pmap_jvp_samples": null,
      "pmap_jvp_seconds_median": null,
      "pmap_jvp_speedup_vs_batched": null,
      "pmap_jvp_speedup_vs_serial": null,
      "pmap_jvp_states_per_second": null,
      "residual_batched_serial_max_abs_error": 1.6940658945086007e-21,
      "residual_speedup_vs_serial": 3.0355004472606755,
      "serial_jvp_samples": [
        0.014522125013172626,
        0.014450374990701675,
        0.014883249998092651,
        0.01439466601004824,
        0.014438542013522238,
        0.014507042011246085,
        0.014968874980695546
      ],
      "serial_jvp_seconds_median": 0.014507042011246085,
      "serial_jvp_states_per_second": 4411.650559113719,