{
  "backend": "cpu",
  "batch_results": [
    {
      "batch_size": 1,
      "batch_warmup_seconds": 3.85422458400717,
      "batched_jvp_samples": [
        0.00026516703655943274,
        0.00017308298265561461,
        0.00019641697872430086
      ],
      "batched_jvp_seconds_median": 0.00019641697872430086,
      "batched_jvp_states_per_second": 5091.20956087835,
      "batched_jvp_warmup_seconds": 2.6359263340127654,
      "batched_residual_samples": [
        0.0001245840103365481,
        7.187505252659321e-05,
        8.399999933317304e-05
      ],
      "batched_residual_seconds_median": 8.399999933317304e-05,
      "batched_residual_states_per_second": 11904.76199926686,
      "batched_residual_warmup_seconds": 1.2151784999878146,
      "direction_build_seconds": 0.0002924170112237334,
      "jvp_batched_serial_max_abs_error": 0.0,
      "jvp_partition_count": 1,
      "jvp_partition_size": 1,
      "jvp_speedup_vs_serial": 1.1847651950647489,
      "pmap_batch_size": 0,
      "pmap_device_count": 0,
      "pmap_jvp_batched_max_abs_error": null,
      "pmap_jvp_samples": null,
      "pmap_jvp_seconds_median": null,
      "pmap_jvp_speedup_vs_batched": null,
      "pmap_jvp_speedup_vs_serial": null,
      "pmap_jvp_states_per_second": null,
      "residual_batched_serial_max_abs_error": 0.0,
      "residual_partition_count": 1,
      "residual_partition_size": 1,
      "residual_speedup_vs_serial": 1.5009884908208597,
      "serial_jvp_samples": [
        0.00025154202012345195,
        0.00022950000129640102,
        0.00023270800011232495
      ],
      "serial_jvp_seconds_median": 0.00023270800011232495,
      "serial_jvp_states_per_second": 4297.230862356746,
      "serial_residual_samples": [
        0.00012608303222805262,
        0.00013412500265985727,
        9.433296509087086e-05
      ],
      "serial_residual_seconds_median": 0.00012608303222805262,
      "serial_residual_states_per_second": 7931.281333647263,
      "serial_warmup_seconds": 0.0031197500065900385
    },
    {
      "batch_size": 4,
      "batch_warmup_seconds": 4.182066250068601,
      "batched_jvp_samples": [
        0.0007030829438008368,
        0.0006871249643154442,
        0.0006168329855427146
      ],
      "batched_jvp_seconds_median": 0.0006871249643154442,
      "batched_jvp_states_per_second": 5821.3574061961845,
      "batched_jvp_warmup_seconds": 2.7228493750444613,
      "batched_residual_samples": [
        0.0002747909747995436,
        0.00022562500089406967,
        0.00019570795120671391
      ],
      "batched_residual_seconds_median": 0.00022562500089406967,
      "batched_residual_states_per_second": 17728.531785703966,
      "batched_residual_warmup_seconds": 1.454647374979686,
      "direction_build_seconds": 0.02023445803206414,
      "jvp_batched_serial_max_abs_error": 0.0,
      "jvp_partition_count": 1,
      "jvp_partition_size": 4,
      "jvp_speedup_vs_serial": 1.2370383805050134,
      "pmap_batch_size": 0,
      "pmap_device_count": 0,
      "pmap_jvp_batched_max_abs_error": null,
      "pmap_jvp_samples": null,
      "pmap_jvp_seconds_median": null,
      "pmap_jvp_speedup_vs_batched": null,
      "pmap_jvp_speedup_vs_serial": null,
      "pmap_jvp_states_per_second": null,
      "residual_batched_serial_max_abs_error": 0.0,
      "residual_partition_count": 1,
      "residual_partition_size": 4,
      "residual_speedup_vs_serial": 1.4129239194594305,
      "serial_jvp_samples": [
        0.0008715000003576279,
        0.0008499999530613422,
        0.0008352909935638309
      ],
      "serial_jvp_seconds_median": 0.0008499999530613422,
      "serial_jvp_states_per_second": 4705.882612809192,
      "serial_residual_samples": [
        0.00032412505242973566,
        0.0002971250214613974,
        0.0003187909605912864
      ],
      "serial_residual_seconds_median": 0.0003187909605912864,
      "serial_residual_states_per_second": 12547.407218137203,
      "serial_warmup_seconds": 0.004569500044453889
    },
    {
      "batch_size": 16,
      "batch_warmup_seconds": 4.073466792004183,
      "batched_jvp_samples": [
        0.0021468749619089067,
        0.001953457947820425,
        0.0019040000042878091
      ],
      "batched_jvp_seconds_median": 0.001953457947820425,
      "batched_jvp_states_per_second": 8190.603753642117,
      "batched_jvp_warmup_seconds": 2.827373667038046,
      "batched_residual_samples": [
        0.0007110000005923212,
        0.0006627080147154629,
        0.0006482499884441495
      ],
      "batched_residual_seconds_median": 0.0006627080147154629,
      "batched_residual_states_per_second": 24143.362755118756,
      "batched_residual_warmup_seconds": 1.236969749967102,
      "direction_build_seconds": 0.020801917009521276,
      "jvp_batched_serial_max_abs_error": 0.0,
      "jvp_partition_count": 1,
      "jvp_partition_size": 16,
      "jvp_speedup_vs_serial": 1.7448545525061985,
      "pmap_batch_size": 0,
      "pmap_device_count": 0,
      "pmap_jvp_batched_max_abs_error": null,
      "pmap_jvp_samples": null,
      "pmap_jvp_seconds_median": null,
      "pmap_jvp_speedup_vs_batched": null,
      "pmap_jvp_speedup_vs_serial": null,
      "pmap_jvp_states_per_second": null,
      "residual_batched_serial_max_abs_error": 0.0,
      "residual_partition_count": 1,
      "residual_partition_size": 16,
      "residual_speedup_vs_serial": 1.8020137832879544,
      "serial_jvp_samples": [
        0.0034084999933838844,
        0.0032360420445911586,
        0.0037711249897256494
      ],
      "serial_jvp_seconds_median": 0.0034084999933838844,
      "serial_jvp_states_per_second": 4694.146994589121,
      "serial_residual_samples": [
        0.0012525410274975002,
        0.0011942089768126607,
        0.0011844590189866722
      ],
      "serial_residual_seconds_median": 0.0011942089768126607,
      "serial_residual_states_per_second": 13397.99005924737,
      "serial_warmup_seconds": 0.00912337499903515
    },
    {
      "batch_size": 64,
      "batch_warmup_seconds": 4.144696499046404,
      "batched_jvp_samples": [
        0.007812291034497321,
        0.007474709011148661,
        0.006895750004332513
      ],
      "batched_jvp_seconds_median": 0.007474709011148661,
      "batched_jvp_states_per_second": 8562.206221612489,
      "batched_jvp_warmup_seconds": 2.8742588330060244,
      "batched_residual_samples": [
        0.002045417029876262,
        0.0017639999859966338,
        0.0021810829639434814
      ],
      "batched_residual_seconds_median": 0.002045417029876262,
      "batched_residual_states_per_second": 31289.462767341727,
      "batched_residual_warmup_seconds": 1.2389528329949826,
      "direction_build_seconds": 0.026588625041767955,
      "jvp_batched_serial_max_abs_error": 0.0,
      "jvp_partition_count": 1,
      "jvp_partition_size": 64,
      "jvp_speedup_vs_serial": 1.962233578518218,
      "pmap_batch_size": 0,
      "pmap_device_count": 0,
      "pmap_jvp_batched_max_abs_error": null,
      "pmap_jvp_samples": null,
      "pmap_jvp_seconds_median": null,
      "pmap_jvp_speedup_vs_batched": null,
      "pmap_jvp_speedup_vs_serial": null,
      "pmap_jvp_states_per_second": null,
      "residual_batched_serial_max_abs_error": 1.6940658945086007e-21,
      "residual_partition_count": 1,
      "residual_partition_size": 64,
      "residual_speedup_vs_serial": 2.2752489705676413,
      "serial_jvp_samples": [
        0.014667125011328608,
        0.014323083043564111,
        0.014681332977488637
      ],
      "serial_jvp_seconds_median": 0.014667125011328608,
      "serial_jvp_states_per_second": 4363.5000008909465,
      "serial_residual_samples": [
        0.004653832991607487,
        0.0046081250184215605,
        0.005862124962732196
      ],
      "serial_residual_seconds_median": 0.004653832991607487,
      "serial_residual_states_per_second": 13752.105010088397,
      "serial_warmup_seconds": 0.031484833045396954
    }
  ],