{
  "backend": "cpu",
  "batch_results": [
    {
      "batch_size": 1,
      "batch_warmup_seconds": 3.9478463329724036,
      "batched_jvp_samples": [
        0.00028216600185260177,
        0.00022425001952797174,
        0.00022375001572072506,
        0.00019070797134190798,
        0.00019824999617412686,
        0.00020941701950505376,
        0.00020570901688188314
      ],
      "batched_jvp_seconds_median": 0.00020941701950505376,
      "batched_jvp_states_per_second": 4775.161075080946,
      "batched_jvp_warmup_seconds": 2.5900649999966845,
      "batched_residual_samples": [
        0.00011129101039841771,
        7.841701153665781e-05,
        7.716595428064466e-05,
        8.058303501456976e-05,
        6.937497528269887e-05,
        6.445898907259107e-05,
        6.42079976387322e-05
      ],
      "batched_residual_seconds_median": 7.716595428064466e-05,
      "batched_residual_states_per_second": 12959.082918395627,
      "batched_residual_warmup_seconds": 1.3548247499857098,
      "direction_build_seconds": 0.0019919589976780117,
      "jvp_batched_serial_max_abs_error": 0.0,
      "jvp_partition_count": 1,
      "jvp_partition_size": 1,
      "jvp_speedup_vs_serial": 1.0531233765926937,
      "pmap_batch_size": 0,
      "pmap_device_count": 0,
      "pmap_jvp_batched_max_abs_error": null,
      "pmap_jvp_samples": null,
      "pmap_jvp_seconds_median": null,
      "pmap_jvp_speedup_vs_batched": null,
      "pmap_jvp_speedup_vs_serial": null,
      "pmap_jvp_states_per_second": null,
      "residual_batched_serial_max_abs_error": 0.0,
      "residual_partition_count": 1,
      "residual_partition_size": 1,
      "residual_speedup_vs_serial": 1.1458028620329923,
      "serial_jvp_samples": [
        0.0002411670284345746,
        0.00022412504767999053,
        0.0002132919616997242,
        0.0002039159880951047,
        0.00021612504497170448,
        0.00022233399795368314,
        0.00022054195869714022
      ],
      "serial_jvp_seconds_median": 0.00022054195869714022,
      "serial_jvp_states_per_second": 4534.2845683766345,
      "serial_residual_samples": [
        0.00011066696606576443,
        9.895797120407224e-05,
        8.841697126626968e-05,
        9.237503400072455e-05,
        8.55419784784317e-05,
        8.270901162177324e-05,
        8.124997839331627e-05
      ],
      "serial_residual_seconds_median": 8.841697126626968e-05,
      "serial_residual_states_per_second": 11310.04586199269,
      "serial_warmup_seconds": 0.0029565829900093377
    },
    {
      "batch_size": 4,
      "batch_warmup_seconds": 4.092621042043902,
      "batched_jvp_samples": [
        0.0008566670003347099,
        0.0007330410298891366,
        0.0006510830135084689,
        0.0007370410021394491,
        0.000676124996971339,
        0.0006559999892488122,
        0.0007007920066826046
      ],
      "batched_jvp_seconds_median": 0.0007007920066826046,
      "batched_jvp_states_per_second": 5707.827660499614,
      "batched_jvp_warmup_seconds": 2.641234084032476,
      "batched_residual_samples": [
        0.00024174997815862298,
        0.0002215839922428131,
        0.00023750000400468707,
        0.00019599997904151678,
        0.00021608301904052496,
        0.00022120901849120855,
        0.00018562498735263944
      ],
      "batched_residual_seconds_median": 0.00022120901849120855,
      "batched_residual_states_per_second": 18082.44540517669,
      "batched_residual_warmup_seconds": 1.4469489579787478,
      "direction_build_seconds": 0.019298375002108514,
      "jvp_batched_serial_max_abs_error": 0.0,
      "jvp_partition_count": 1,
      "jvp_partition_size": 4,
      "jvp_speedup_vs_serial": 1.2038165158646341,
      "pmap_batch_size": 0,
      "pmap_device_count": 0,
      "pmap_jvp_batched_max_abs_error": null,
      "pmap_jvp_samples": null,
      "pmap_jvp_seconds_median": null,
      "pmap_jvp_speedup_vs_batched": null,
      "pmap_jvp_speedup_vs_serial": null,
      "pmap_jvp_states_per_second": null,
      "residual_batched_serial_max_abs_error": 0.0,
      "residual_partition_count": 1,
      "residual_partition_size": 4,
      "residual_speedup_vs_serial": 1.3718154839748633,
      "serial_jvp_samples": [
        0.0008680830360390246,
        0.0007827500230632722,
        0.0008617499843239784,
        0.0008436249918304384,
        0.0007689999765716493,
        0.0007745830225758255,
        0.0008483330020681024
      ],
      "serial_jvp_seconds_median": 0.0008436249918304384,
      "serial_jvp_states_per_second": 4741.4432226824865,
      "serial_residual_samples": [
        0.0003493339754641056,
        0.0002966250176541507,
        0.0003025000332854688,
        0.00029870797879993916,
        0.00030700000934302807,
        0.0003155409940518439,
        0.00030345795676112175
      ],
      "serial_residual_seconds_median": 0.00030345795676112175,
      "serial_residual_states_per_second": 13181.397656179268,
      "serial_warmup_seconds": 0.0044380000326782465
    },
    {
      "batch_size": 16,
      "batch_warmup_seconds": 3.920933666115161,
      "batched_jvp_samples": [
        0.0017425830010324717,
        0.0018420839915052056,
        0.0019905000226572156,
        0.001919124973937869,
        0.0016698749968782067,
        0.0021233329898677766,
        0.0021946249762549996
      ],
      "batched_jvp_seconds_median": 0.001919124973937869,
      "batched_jvp_states_per_second": 8337.132921140337,
      "batched_jvp_warmup_seconds": 2.6966739580384456,
      "batched_residual_samples": [
        0.0006856659892946482,
        0.0007135419873520732,
        0.0007415839936584234,
        0.0006029170472174883,
        0.0006610420532524586,
        0.0006724170525558293,
        0.0006335829966701567
      ],
      "batched_residual_seconds_median": 0.0006724170525558293,
      "batched_residual_states_per_second": 23794.75645239017,
      "batched_residual_warmup_seconds": 1.2155509170261212,
      "direction_build_seconds": 0.018928917008452117,
      "jvp_batched_serial_max_abs_error": 0.0,
      "jvp_partition_count": 1,
      "jvp_partition_size": 16,
      "jvp_speedup_vs_serial": 1.9568813959805542,
      "pmap_batch_size": 0,
      "pmap_device_count": 0,
      "pmap_jvp_batched_max_abs_error": null,
      "pmap_jvp_samples": null,
      "pmap_jvp_seconds_median": null,
      "pmap_jvp_speedup_vs_batched": null,
      "pmap_jvp_speedup_vs_serial": null,
      "pmap_jvp_states_per_second": null,
      "residual_batched_serial_max_abs_error": 0.0,
      "residual_partition_count": 1,
      "residual_partition_size": 16,
      "residual_speedup_vs_serial": 1.7095045661643915,
      "serial_jvp_samples": [
        0.004080582992173731,
        0.004204958968330175,
        0.0037049170350655913,
        0.003755499958060682,
        0.003864334023091942,
        0.0035960410023108125,
        0.0036355420015752316
      ],
      "serial_jvp_seconds_median": 0.003755499958060682,
      "serial_jvp_states_per_second": 4260.418101099463,
      "serial_residual_samples": [
        0.001575708040036261,
        0.0014392909943126142,
        0.0011402920354157686,
        0.0011474580387584865,
        0.0011495000217109919,
        0.001177083991933614,
        0.0011421670205891132
      ],
      "serial_residual_seconds_median": 0.0011495000217109919,
      "serial_residual_states_per_second": 13919.094995913563,
      "serial_warmup_seconds": 0.0087087910505943
    },
    {
      "batch_size": 64,
      "batch_warmup_seconds": 4.0401927079074085,
      "batched_jvp_samples": [
        0.007073250017128885,
        0.0072739580064080656,
        0.00679004198173061,
        0.007201958971563727,
        0.006849249999504536,
        0.006961749983020127,
        0.006551207974553108
      ],
      "batched_jvp_seconds_median": 0.006961749983020127,
      "batched_jvp_states_per_second": 9193.090840104502,
      "batched_jvp_warmup_seconds": 2.786042124964297,