{
  "backend": "cpu",
  "batch_results": [
    {
      "batch_size": 1,
      "batched_jvp_samples": [
        0.00022345781326293945,
        0.00017291586846113205,
        0.00017679203301668167,
        0.00016833283007144928,
        0.00016691721975803375,
        0.00017200037837028503,
        0.00017129117622971535
      ],
      "batched_jvp_seconds_median": 0.00017200037837028503,
      "batched_residual_samples": [
        0.0001588338054716587,
        7.616681978106499e-05,
        7.858406752347946e-05,
        6.791716441512108e-05,
        7.379194721579552e-05,
        7.27078877389431e-05,
        6.60829246044159e-05
      ],
      "batched_residual_seconds_median": 7.379194721579552e-05,
      "jvp_batched_serial_max_abs_error": 0.0,
      "jvp_speedup_vs_serial": 1.0876903250958394,
      "pmap_batch_size": 0,
      "pmap_device_count": 0,
      "pmap_jvp_batched_max_abs_error": null,
      "pmap_jvp_samples": null,
      "pmap_jvp_seconds_median": null,
      "pmap_jvp_speedup_vs_batched": null,
      "pmap_jvp_speedup_vs_serial": null,
      "residual_batched_serial_max_abs_error": 0.0,
      "residual_speedup_vs_serial": 1.255214019322635,
      "serial_jvp_samples": [
        0.00022408273071050644,
        0.00020041689276695251,
        0.00019583292305469513,
        0.00017199991270899773,
        0.0001870831474661827,
        0.00018687499687075615,
        0.00017799995839595795
      ],
      "serial_jvp_seconds_median": 0.0001870831474661827,
      "serial_residual_samples": [
        0.00010783271864056587,
        9.262468665838242e-05,
        0.00010254187509417534,
        0.00010629231110215187,
        7.970910519361496e-05,
        8.012494072318077e-05,
        9.237462654709816e-05
      ],
      "serial_residual_seconds_median": 9.262468665838242e-05
    },
    {
      "batch_size": 4,
      "batched_jvp_samples": [
        0.0003697909414768219,
        0.00031966669484972954,
        0.0003353329375386238,
        0.0003394172526896,
        0.00036341696977615356,
        0.00046729203313589096,
        0.0004292917437851429
      ],
      "batched_jvp_seconds_median": 0.00036341696977615356,
      "batched_residual_samples": [
        0.00016691582277417183,
        0.0001232922077178955,
        0.00011141598224639893,
        0.0001143328845500946,
        0.00012179231271147728,
        0.00011791614815592766,
        0.00011850008741021156
      ],
      "batched_residual_seconds_median": 0.00011850008741021156,
      "jvp_batched_serial_max_abs_error": 0.0,
      "jvp_speedup_vs_serial": 1.4111428029604116,
      "pmap_batch_size": 0,
      "pmap_device_count": 0,
      "pmap_jvp_batched_max_abs_error": null,
      "pmap_jvp_samples": null,
      "pmap_jvp_seconds_median": null,
      "pmap_jvp_speedup_vs_batched": null,
      "pmap_jvp_speedup_vs_serial": null,
      "residual_batched_serial_max_abs_error": 0.0,
      "residual_speedup_vs_serial": 1.8498567650514586,
      "serial_jvp_samples": [
        0.0005496670491993427,
        0.0005365833640098572,
        0.0005128332413733006,
        0.000529083888977766,
        0.000508416909724474,
        0.0005067498423159122,
        0.0004937080666422844
      ],
      "serial_jvp_seconds_median": 0.0005128332413733006,
      "serial_residual_samples": [
        0.00023229233920574188,
        0.0002254578284919262,
        0.00022350018844008446,
        0.00021920818835496902,
        0.0002038339152932167,
        0.0002187499776482582,
        0.00021075038239359856
      ],
      "serial_residual_seconds_median": 0.00021920818835496902
    },
    {
      "batch_size": 16,
      "batched_jvp_samples": [
        0.0012497501447796822,
        0.0011352919973433018,
        0.001089625060558319,
        0.0012007500045001507,
        0.0010761669836938381,
        0.0011232499964535236,
        0.001188499853014946
      ],
      "batched_jvp_seconds_median": 0.0011352919973433018,
      "batched_residual_samples": [
        0.0004429998807609081,
        0.0004164581187069416,
        0.00045174965634942055,
        0.00040183309465646744,
        0.0003782501444220543,
        0.00043116603046655655,
        0.0004002498462796211
      ],
      "batched_residual_seconds_median": 0.0004164581187069416,
      "jvp_batched_serial_max_abs_error": 0.0,
      "jvp_speedup_vs_serial": 1.783682339077473,
      "pmap_batch_size": 0,
      "pmap_device_count": 0,
      "pmap_jvp_batched_max_abs_error": null,
      "pmap_jvp_samples": null,
      "pmap_jvp_seconds_median": null,
      "pmap_jvp_speedup_vs_batched": null,
      "pmap_jvp_speedup_vs_serial": null,
      "residual_batched_serial_max_abs_error": 0.0,
      "residual_speedup_vs_serial": 1.937971927807974,
      "serial_jvp_samples": [
        0.0025792918168008327,
        0.002025000285357237,
        0.001954417210072279,
        0.0018480001017451286,
        0.001987040974199772,
        0.002595167141407728,
        0.002539999783039093
      ],
      "serial_jvp_seconds_median": 0.002025000285357237,
      "serial_residual_samples": [
        0.0008397498168051243,
        0.0008058329112827778,
        0.0008070841431617737,
        0.0007884576916694641,
        0.0008043749257922173,
        0.0009338343515992165,
        0.0008773752488195896
      ],
      "serial_residual_seconds_median": 0.0008070841431617737
    },
    {
      "batch_size": 64,
      "batched_jvp_samples": [
        0.00319799967110157,
        0.0033077499829232693,
        0.0029622497968375683,
        0.0028721666894853115,
        0.0034139170311391354,
        0.0030149579979479313,
        0.003014374990016222
      ],
      "batched_jvp_seconds_median": 0.0030149579979479313,
      "batched_residual_samples": [
        0.0013964171521365643,
        0.0013586250133812428,
        0.001329542137682438,
        0.0013839579187333584,
        0.0014101671986281872,
        0.0013745827600359917,
        0.0013377498835325241
      ],
      "batched_residual_seconds_median": 0.0013745827600359917,
      "jvp_batched_serial_max_abs_error": 0.0,
      "jvp_speedup_vs_serial": 3.36446079146841,
      "pmap_batch_size": 0,
      "pmap_device_count": 0,
      "pmap_jvp_batched_max_abs_error": null,
      "pmap_jvp_samples": null,
      "pmap_jvp_seconds_median": null,
      "pmap_jvp_speedup_vs_batched": null,
      "pmap_jvp_speedup_vs_serial": null,
      "residual_batched_serial_max_abs_error": 0.0,
      "residual_speedup_vs_serial": 2.927676603563678,
      "serial_jvp_samples": [
        0.010464167222380638,
        0.010078125167638063,
        0.010005708783864975,
        0.010181707795709372,
        0.010063208173960447,
        0.01021933276206255,
        0.01014370797201991
      ],
      "serial_jvp_seconds_median": 0.01014370797201991,
      "serial_residual_samples": [
        0.004149541258811951,
        0.00409054197371006,
        0.003970083314925432,
        0.003971624653786421,
        0.0040243337862193584,
        0.0040192087180912495,
        0.0040337503887712955
      ],
      "serial_residual_seconds_median": 0.0040243337862193584
    },
    {
      "batch_size": 128,
      "batched_jvp_samples": [
        0.006646125111728907,
        0.0060324170626699924,
        0.0059710000641644,
        0.005973875056952238,
        0.005779750179499388,
        0.005722292233258486,
        0.005743874702602625
      ],
      "batched_jvp_seconds_median": 0.0059710000641644,
      "batched_residual_samples": [
        0.002163458149880171,
        0.002118415664881468,
        0.0022162082605063915,
        0.0018786247819662094,
        0.0019307080656290054,
        0.0019902498461306095,
        0.002146084327250719
      ],
      "batched_residual_seconds_median": 0.002118415664881468,
      "jvp_batched_serial_max_abs_error": 0.0,
      "jvp_speedup_vs_serial": 3.471675573449274,
      "pmap_batch_size": 0,
      "pmap_device_count": 0,