{
  "backend": "cpu",
  "batch_results": [
    {
      "batch_size": 1,
      "batch_warmup_seconds": 3.8608032090123743,
      "batched_jvp_samples": [
        0.00029212498338893056,
        0.0002701670164242387,
        0.0002441670512780547,
        0.00024087500059977174,
        0.0002672500559128821,
        0.0002310840063728392,
        0.0002318329643458128
      ],
      "batched_jvp_seconds_median": 0.0002441670512780547,
      "batched_jvp_states_per_second": 4095.556688609927,
      "batched_residual_samples": [
        0.00014424999244511127,
        0.00014187500346451998,
        0.00011087500024586916,
        9.904097532853484e-05,
        8.895801147446036e-05,
        0.00010837498120963573,
        0.00010891701094806194
      ],
      "batched_residual_seconds_median": 0.00010891701094806194,
      "batched_residual_states_per_second": 9181.30227129405,
      "jvp_batched_serial_max_abs_error": 0.0,
      "jvp_speedup_vs_serial": 1.172865037744728,
      "pmap_batch_size": 0,
      "pmap_device_count": 0,
      "pmap_jvp_batched_max_abs_error": null,
      "pmap_jvp_samples": null,
      "pmap_jvp_seconds_median": null,
      "pmap_jvp_speedup_vs_batched": null,
      "pmap_jvp_speedup_vs_serial": null,
      "pmap_jvp_states_per_second": null,
      "residual_batched_serial_max_abs_error": 0.0,
      "residual_speedup_vs_serial": 1.11897145116985,
      "serial_jvp_samples": [
        0.00030229100957512856,
        0.0002863749978132546,
        0.0002602500026114285,
        0.0002876660437323153,
        0.0002732080174610019,
        0.0002802090020850301,
        0.00030870898626744747
      ],
      "serial_jvp_seconds_median": 0.0002863749978132546,
      "serial_jvp_states_per_second": 3491.9249502783096,
      "serial_residual_samples": [
        0.00014300004113465548,
        0.00013262499123811722,
        0.0001099579967558384,
        0.00013104098616167903,
        0.00011883396655321121,
        0.00011270801769569516,
        0.00012187502579763532
      ],
      "serial_residual_seconds_median": 0.00012187502579763532,
      "serial_residual_states_per_second": 8205.126468325248
    },
    {
      "batch_size": 4,
      "batch_warmup_seconds": 3.9033896250184625,
      "batched_jvp_samples": [
        0.0007261669961735606,
        0.0006668330170214176,
        0.0007317090057767928,
        0.0006958750309422612,
        0.0006915419944562018,
        0.0006610840209759772,
        0.0006766250007785857
      ],
      "batched_jvp_seconds_median": 0.0006915419944562018,
      "batched_jvp_states_per_second": 5784.175121780456,
      "batched_residual_samples": [
        0.000270417018327862,
        0.00023183401208370924,
        0.000216833024751395,
        0.00019391695968806744,
        0.00020225002663210034,
        0.00017212500097230077,
        0.00022758397972211242
      ],
      "batched_residual_seconds_median": 0.000216833024751395,
      "batched_residual_states_per_second": 18447.374446702062,
      "jvp_batched_serial_max_abs_error": 0.0,
      "jvp_speedup_vs_serial": 1.1986502197994866,
      "pmap_batch_size": 0,
      "pmap_device_count": 0,
      "pmap_jvp_batched_max_abs_error": null,
      "pmap_jvp_samples": null,
      "pmap_jvp_seconds_median": null,
      "pmap_jvp_speedup_vs_batched": null,
      "pmap_jvp_speedup_vs_serial": null,
      "pmap_jvp_states_per_second": null,
      "residual_batched_serial_max_abs_error": 0.0,
      "residual_speedup_vs_serial": 1.871062017957335,
      "serial_jvp_samples": [
        0.0008825839613564312,
        0.0008528750040568411,
        0.0008289169636555016,
        0.0008313750149682164,
        0.0008188749779947102,
        0.0007950420258566737,
        0.000812541984487325
      ],
      "serial_jvp_seconds_median": 0.0008289169636555016,
      "serial_jvp_states_per_second": 4825.5738214840085,
      "serial_residual_samples": [
        0.00044074998004361987,
        0.0004041250213049352,
        0.00039845798164606094,
        0.0004057080368511379,
        0.0005152919911779463,
        0.0003672089660540223,
        0.00041391601553186774
      ],
      "serial_residual_seconds_median": 0.0004057080368511379,
      "serial_residual_states_per_second": 9859.306783877386
    },
    {
      "batch_size": 16,
      "batch_warmup_seconds": 3.758835834043566,
      "batched_jvp_samples": [
        0.002039582992438227,
        0.0016200840473175049,
        0.002027584007009864,
        0.0017317089950665832,
        0.0018554169801063836,
        0.0016087089898064733,
        0.0019212080514989793
      ],
      "batched_jvp_seconds_median": 0.0018554169801063836,
      "batched_jvp_states_per_second": 8623.398498316326,
      "batched_residual_samples": [
        0.0007460420019924641,
        0.000743833021260798,
        0.0006352500058710575,
        0.0007739589782431722,
        0.0008016669889912009,
        0.0007942080264911056,
        0.0007847909582778811
      ],
      "batched_residual_seconds_median": 0.0007739589782431722,
      "batched_residual_states_per_second": 20672.93028413312,
      "jvp_batched_serial_max_abs_error": 0.0,
      "jvp_speedup_vs_serial": 2.0061975501744724,
      "pmap_batch_size": 0,
      "pmap_device_count": 0,
      "pmap_jvp_batched_max_abs_error": null,
      "pmap_jvp_samples": null,
      "pmap_jvp_seconds_median": null,
      "pmap_jvp_speedup_vs_batched": null,
      "pmap_jvp_speedup_vs_serial": null,
      "pmap_jvp_states_per_second": null,
      "residual_batched_serial_max_abs_error": 0.0,
      "residual_speedup_vs_serial": 1.4782217354112515,
      "serial_jvp_samples": [
        0.0041845840169116855,
        0.004033833974972367,
        0.0037223330000415444,
        0.0037558749900199473,
        0.0036846669972874224,
        0.0035267919884063303,
        0.0035585000296123326
      ],
      "serial_jvp_seconds_median": 0.0037223330000415444,
      "serial_jvp_states_per_second": 4298.379537731155,
      "serial_residual_samples": [
        0.0015302919782698154,
        0.0011725000222213566,
        0.0011353750014677644,
        0.0011385840480215847,
        0.0011809580028057098,
        0.0011302080238237977,
        0.001144082983955741
      ],
      "serial_residual_seconds_median": 0.001144082983955741,
      "serial_residual_states_per_second": 13984.999536204064
    },
    {
      "batch_size": 64,
      "batch_warmup_seconds": 3.954649166960735,
      "batched_jvp_samples": [
        0.006798499962314963,
        0.0074241249822080135,
        0.006925457972101867,
        0.007022583042271435,
        0.006804624979849905,
        0.007223041029646993,
        0.007131833990570158
      ],
      "batched_jvp_seconds_median": 0.007022583042271435,
      "batched_jvp_states_per_second": 9113.45577756235,
      "batched_residual_samples": [
        0.0021804579882882535,
        0.002126250008586794,
        0.002057415957096964,
        0.002446040976792574,
        0.0020282910554669797,
        0.0019966670079156756,
        0.002152999979443848
      ],
      "batched_residual_seconds_median": 0.002126250008586794,
      "batched_residual_states_per_second": 30099.941089494652,
      "jvp_batched_serial_max_abs_error": 0.0,
      "jvp_speedup_vs_serial": 2.048403401598073,
      "pmap_batch_size": 0,
      "pmap_device_count": 0,
      "pmap_jvp_batched_max_abs_error": null,
      "pmap_jvp_samples": null,
      "pmap_jvp_seconds_median": null,
      "pmap_jvp_speedup_vs_batched": null,
      "pmap_jvp_speedup_vs_serial": null,
      "pmap_jvp_states_per_second": null,
      "residual_batched_serial_max_abs_error": 1.6940658945086007e-21,
      "residual_speedup_vs_serial": 2.6343129895928126,
      "serial_jvp_samples": [
        0.01478741702158004,
        0.014231625013053417,
        0.014465957996435463,
        0.014771334012039006,
        0.014341667003463954,
        0.014328291988931596,
        0.014385082991793752
      ],