{
  "backend": "cpu",
  "batch_results": [
    {
      "batch_size": 1,
      "batched_jvp_samples": [
        0.0001970832236111164,
        0.00014345813542604446,
        0.0001621250994503498,
        0.0001588338054716587,
        0.00014787493273615837,
        0.00013358285650610924,
        0.0001455419696867466
      ],
      "batched_jvp_seconds_median": 0.00014787493273615837,
      "batched_residual_samples": [
        0.00014237500727176666,
        6.245775148272514e-05,
        5.974993109703064e-05,
        7.087504491209984e-05,
        7.537472993135452e-05,
        6.524985656142235e-05,
        6.225006654858589e-05
      ],
      "batched_residual_seconds_median": 6.524985656142235e-05,
      "jvp_batched_serial_max_abs_error": 0.0,
      "jvp_speedup_vs_serial": 0.9940829893027753,
      "pmap_batch_size": 0,
      "pmap_device_count": 0,
      "pmap_jvp_batched_max_abs_error": null,
      "pmap_jvp_samples": null,
      "pmap_jvp_seconds_median": null,
      "pmap_jvp_speedup_vs_batched": null,
      "pmap_jvp_speedup_vs_serial": null,
      "residual_batched_serial_max_abs_error": 0.0,
      "residual_speedup_vs_serial": 1.370381736046188,
      "serial_jvp_samples": [
        0.0001888750120997429,
        0.00014845840632915497,
        0.00014699995517730713,
        0.00014408305287361145,
        0.0001393752172589302,
        0.00014841696247458458,
        0.00014316663146018982
      ],
      "serial_jvp_seconds_median": 0.00014699995517730713,
      "serial_residual_samples": [
        0.00012308266013860703,
        9.345775470137596e-05,
        0.0001009996049106121,
        8.941721171140671e-05,
        7.88331963121891e-05,
        6.850017234683037e-05,
        7.270835340023041e-05
      ],
      "serial_residual_seconds_median": 8.941721171140671e-05
    },
    {
      "batch_size": 4,
      "batched_jvp_samples": [
        0.0004996662028133869,
        0.0004114164039492607,
        0.00045008305460214615,
        0.0004086247645318508,
        0.00045237503945827484,
        0.00047275004908442497,
        0.0003581251949071884
      ],
      "batched_jvp_seconds_median": 0.00045008305460214615,
      "batched_residual_samples": [
        0.00044183293357491493,
        0.00036120787262916565,
        0.0004298752173781395,
        0.0004915418103337288,
        0.00017979228869080544,
        0.00015183305367827415,
        0.0001600421965122223
      ],
      "batched_residual_seconds_median": 0.00036120787262916565,
      "jvp_batched_serial_max_abs_error": 0.0,
      "jvp_speedup_vs_serial": 1.475283121548276,
      "pmap_batch_size": 0,
      "pmap_device_count": 0,
      "pmap_jvp_batched_max_abs_error": null,
      "pmap_jvp_samples": null,
      "pmap_jvp_seconds_median": null,
      "pmap_jvp_speedup_vs_batched": null,
      "pmap_jvp_speedup_vs_serial": null,
      "residual_batched_serial_max_abs_error": 0.0,
      "residual_speedup_vs_serial": 0.8823392910551665,
      "serial_jvp_samples": [
        0.0007553747855126858,
        0.0006983750499784946,
        0.0006387499161064625,
        0.0006639999337494373,
        0.0006745830178260803,
        0.0006057498976588249,
        0.0006474577821791172
      ],
      "serial_jvp_seconds_median": 0.0006639999337494373,
      "serial_residual_samples": [
        0.0003187078982591629,
        0.0002893330529332161,
        0.0002559171989560127,
        0.0002765003591775894,
        0.0003936248831450939,
        0.00038070883601903915,
        0.00043454114347696304
      ],
      "serial_residual_seconds_median": 0.0003187078982591629
    },
    {
      "batch_size": 16,
      "batched_jvp_samples": [
        0.0013390001840889454,
        0.00110241724178195,
        0.00109504209831357,
        0.0011983751319348812,
        0.0011534998193383217,
        0.0011344999074935913,
        0.001202874816954136
      ],
      "batched_jvp_seconds_median": 0.0011534998193383217,
      "batched_residual_samples": [
        0.0004815831780433655,
        0.0004248330369591713,
        0.00043566711246967316,
        0.00041116680949926376,
        0.00041804229840636253,
        0.0004326249472796917,
        0.00038224970921874046
      ],
      "batched_residual_seconds_median": 0.0004248330369591713,
      "jvp_batched_serial_max_abs_error": 0.0,
      "jvp_speedup_vs_serial": 2.2463156840882283,
      "pmap_batch_size": 0,
      "pmap_device_count": 0,
      "pmap_jvp_batched_max_abs_error": null,
      "pmap_jvp_samples": null,
      "pmap_jvp_seconds_median": null,
      "pmap_jvp_speedup_vs_batched": null,
      "pmap_jvp_speedup_vs_serial": null,
      "residual_batched_serial_max_abs_error": 0.0,
      "residual_speedup_vs_serial": 2.363969081091983,
      "serial_jvp_samples": [
        0.002563541755080223,
        0.0026163747534155846,
        0.0025583328679203987,
        0.002596875187009573,
        0.002527166623622179,
        0.0026467498391866684,
        0.0025911247357726097
      ],
      "serial_jvp_seconds_median": 0.0025911247357726097,
      "serial_residual_samples": [
        0.0010600420646369457,
        0.0010136673226952553,
        0.0010384581983089447,
        0.000998042058199644,
        0.0010042921639978886,
        0.0009799161925911903,
        0.0009322087280452251
      ],
      "serial_residual_seconds_median": 0.0010042921639978886
    },
    {
      "batch_size": 64,
      "batched_jvp_samples": [
        0.0032537919469177723,
        0.003188416827470064,
        0.0031236247159540653,
        0.0029264576733112335,
        0.00306254206225276,
        0.0030022920109331608,
        0.003017917275428772
      ],
      "batched_jvp_seconds_median": 0.00306254206225276,
      "batched_residual_samples": [
        0.0011794157326221466,
        0.0013000001199543476,
        0.0014059580862522125,
        0.001303667202591896,
        0.0015001250430941582,
        0.001477124635130167,
        0.001313582994043827
      ],
      "batched_residual_seconds_median": 0.001313582994043827,
      "jvp_batched_serial_max_abs_error": 0.0,
      "jvp_speedup_vs_serial": 3.2998051167756035,
      "pmap_batch_size": 0,
      "pmap_device_count": 0,
      "pmap_jvp_batched_max_abs_error": null,
      "pmap_jvp_samples": null,
      "pmap_jvp_seconds_median": null,
      "pmap_jvp_speedup_vs_batched": null,
      "pmap_jvp_speedup_vs_serial": null,
      "residual_batched_serial_max_abs_error": 0.0,
      "residual_speedup_vs_serial": 3.063567346284765,
      "serial_jvp_samples": [
        0.01055608270689845,
        0.010160458274185658,
        0.010032667312771082,
        0.009989750105887651,
        0.010105791967362165,
        0.01013345830142498,
        0.009892708156257868
      ],
      "serial_jvp_seconds_median": 0.010105791967362165,
      "serial_residual_samples": [
        0.004029749892652035,
        0.00402345834299922,
        0.004028749652206898,
        0.004046374931931496,
        0.003943541087210178,
        0.003912750165909529,
        0.004024249967187643
      ],
      "serial_residual_seconds_median": 0.004024249967187643
    },
    {
      "batch_size": 128,
      "batched_jvp_samples": [
        0.007365207653492689,
        0.006667417008429766,
        0.0062713329680264,
        0.005934332963079214,
        0.006823500152677298,
        0.006954167038202286,
        0.0059496252797544
      ],
      "batched_jvp_seconds_median": 0.006667417008429766,
      "batched_residual_samples": [
        0.0019045001827180386,
        0.0019844998605549335,
        0.0020544580183923244,
        0.0019790418446063995,
        0.0019163750112056732,
        0.001997416839003563,
        0.002322207670658827
      ],
      "batched_residual_seconds_median": 0.0019844998605549335,
      "jvp_batched_serial_max_abs_error": 0.0,
      "jvp_speedup_vs_serial": 2.9889073805456547,
      "pmap_batch_size": 0,
      "pmap_device_count": 0,
      "pmap_jvp_batched_max_abs_error": null,