{
  "backend": "cpu",
  "batch_results": [
    {
      "batch_size": 1,
      "batched_jvp_samples": [
        0.00033674994483590126,
        0.0002610409865155816,
        0.00023479096125811338,
        0.0002941669663414359,
        0.0002637499710544944,
        0.000297166989184916,
        0.00024266703985631466
      ],
      "batched_jvp_seconds_median": 0.0002637499710544944,
      "batched_residual_samples": [
        0.00017412507440894842,
        0.0001384170027449727,
        0.0001016249880194664,
        9.32089751586318e-05,
        8.949998300522566e-05,
        0.0001038750633597374,
        9.64159844443202e-05
      ],
      "batched_residual_seconds_median": 0.0001016249880194664,
      "jvp_batched_serial_max_abs_error": 0.0,
      "jvp_speedup_vs_serial": 1.0140589999536544,
      "pmap_device_count": 0,
      "pmap_jvp_seconds_median": null,
      "pmap_jvp_speedup_vs_batched": null,
      "pmap_jvp_speedup_vs_serial": null,
      "residual_batched_serial_max_abs_error": 0.0,
      "residual_speedup_vs_serial": 1.1775355345998406,
      "serial_jvp_samples": [
        0.00032070791348814964,
        0.0003147920360788703,
        0.0002674580318853259,
        0.0002521249698475003,
        0.0002537090331315994,
        0.0002697500167414546,
        0.0002436669310554862
      ],
      "serial_jvp_seconds_median": 0.0002674580318853259,
      "serial_residual_samples": [
        0.00019754096865653992,
        0.00013449997641146183,
        0.00011804199311882257,
        0.00010816589929163456,
        0.00011966703459620476,
        0.00010304106399416924,
        0.00012795894872397184
      ],
      "serial_residual_seconds_median": 0.00011966703459620476
    },
    {
      "batch_size": 4,
      "batched_jvp_samples": [
        0.0009062499739229679,
        0.0008221250027418137,
        0.001183624961413443,
        0.0007147499127313495,
        0.0007407920202240348,
        0.000694249989464879,
        0.0007534580072388053
      ],
      "batched_jvp_seconds_median": 0.0007534580072388053,
      "batched_residual_samples": [
        0.0003055830020457506,
        0.00021700002253055573,
        0.0002219158923253417,
        0.00025170797016471624,
        0.00019229098688811064,
        0.00020262505859136581,
        0.0001913749147206545
      ],
      "batched_residual_seconds_median": 0.00021700002253055573,
      "jvp_batched_serial_max_abs_error": 0.0,
      "jvp_speedup_vs_serial": 1.3136644595192792,
      "pmap_device_count": 0,
      "pmap_jvp_seconds_median": null,
      "pmap_jvp_speedup_vs_batched": null,
      "pmap_jvp_speedup_vs_serial": null,
      "residual_batched_serial_max_abs_error": 0.0,
      "residual_speedup_vs_serial": 1.5243865932481266,
      "serial_jvp_samples": [
        0.0009897910058498383,
        0.001066208933480084,
        0.001367832999676466,
        0.001116708037443459,
        0.0008858749642968178,
        0.0008385000983253121,
        0.0007890419801697135
      ],
      "serial_jvp_seconds_median": 0.0009897910058498383,
      "serial_residual_samples": [
        0.0003903750330209732,
        0.0003614160232245922,
        0.00033079192508012056,
        0.00032595801167190075,
        0.0003173330333083868,
        0.0003268750151619315,
        0.000421375036239624
      ],
      "serial_residual_seconds_median": 0.00033079192508012056
    },
    {
      "batch_size": 16,
      "batched_jvp_samples": [
        0.0020612500375136733,
        0.002133791917003691,
        0.0021777499932795763,
        0.002076999982818961,
        0.0021642500068992376,
        0.0019707080209627748,
        0.002024542074650526
      ],
      "batched_jvp_seconds_median": 0.002076999982818961,
      "batched_residual_samples": [
        0.0008535420056432486,
        0.0006665419787168503,
        0.0007351660169661045,
        0.0007874580333009362,
        0.0007562920218333602,
        0.000773916020989418,
        0.000812541926279664
      ],
      "batched_residual_seconds_median": 0.000773916020989418,
      "jvp_batched_serial_max_abs_error": 0.0,
      "jvp_speedup_vs_serial": 1.7208315159203138,
      "pmap_device_count": 0,
      "pmap_jvp_seconds_median": null,
      "pmap_jvp_speedup_vs_batched": null,
      "pmap_jvp_speedup_vs_serial": null,
      "residual_batched_serial_max_abs_error": 0.0,
      "residual_speedup_vs_serial": 1.795630130952868,
      "serial_jvp_samples": [
        0.0037148749688640237,
        0.003570374916307628,
        0.0035741670290008187,
        0.004021457978524268,
        0.004040333093144,
        0.0034146250691264868,
        0.0032940830569714308
      ],
      "serial_jvp_seconds_median": 0.0035741670290008187,
      "serial_residual_samples": [
        0.0014705000212416053,
        0.0013978340430185199,
        0.0013416659785434604,
        0.0013569580623880029,
        0.0013760830042883754,
        0.0015084999613463879,
        0.0013896669261157513
      ],
      "serial_residual_seconds_median": 0.0013896669261157513
    },
    {
      "batch_size": 64,
      "batched_jvp_samples": [
        0.008048249990679324,
        0.007578084012493491,
        0.007997000007890165,
        0.008064000052399933,
        0.008602292044088244,
        0.0078067920403555036,
        0.00760291691403836
      ],
      "batched_jvp_seconds_median": 0.007997000007890165,
      "batched_residual_samples": [
        0.002370457979850471,
        0.002205084078013897,
        0.0024636249290779233,
        0.002208417048677802,
        0.0023115839576348662,
        0.002307542017661035,
        0.002303707995451987
      ],
      "batched_residual_seconds_median": 0.002307542017661035,
      "jvp_batched_serial_max_abs_error": 0.0,
      "jvp_speedup_vs_serial": 1.7551374247425604,
      "pmap_device_count": 0,
      "pmap_jvp_seconds_median": null,
      "pmap_jvp_speedup_vs_batched": null,
      "pmap_jvp_speedup_vs_serial": null,
      "residual_batched_serial_max_abs_error": 1.6940658945086007e-21,
      "residual_speedup_vs_serial": 2.2505549113380403,
      "serial_jvp_samples": [
        0.015398915973491967,
        0.015750083955936134,
        0.013940792065113783,
        0.013799500069580972,
        0.013995249988511205,
        0.01403583399951458,
        0.014108458068221807
      ],
      "serial_jvp_seconds_median": 0.01403583399951458,
      "serial_residual_samples": [
        0.004682250088080764,
        0.004881083965301514,
        0.005193250020965934,
        0.005162958987057209,
        0.0054073340725153685,
        0.0056125420378521085,
        0.005464458023197949
      ],
      "serial_residual_seconds_median": 0.005193250020965934
    },
    {
      "batch_size": 128,
      "batched_jvp_samples": [
        0.023409208049997687,
        0.020526291918940842,
        0.02241129195317626,
        0.018545959028415382,
        0.01585195807274431,
        0.01885599992237985,
        0.017987958039157093
      ],
      "batched_jvp_seconds_median": 0.01885599992237985,
      "batched_residual_samples": [
        0.008225875091738999,
        0.004924875102005899,
        0.004929707967676222,
        0.0047954999608919024,
        0.0048262919299304485,
        0.0051109170308336616,
        0.0046159999910742044
      ],
      "batched_residual_seconds_median": 0.004924875102005899,
      "jvp_batched_serial_max_abs_error": 0.0,
      "jvp_speedup_vs_serial": 1.9599574755621358,
      "pmap_device_count": 0,
      "pmap_jvp_seconds_median": null,
      "pmap_jvp_speedup_vs_batched": null,
      "pmap_jvp_speedup_vs_serial": null,
      "residual_batched_serial_max_abs_error": 1.6940658945086007e-21,
      "residual_speedup_vs_serial": 2.776948590753836,
      "serial_jvp_samples": [
        0.03695695800706744,
        0.036758082918822765,
        0.03494866599794477,
        0.03754112496972084,
        0.04125458397902548,
        0.033665374969132245,
        0.0541210409719497
      ],