{
  "backend": "cpu",
  "batch_results": [
    {
      "batch_size": 1,
      "batch_warmup_seconds": 3.910261999000795,
      "batched_jvp_samples": [
        0.0002782910014502704,
        0.00021349999587982893,
        0.0002069160109385848
      ],
      "batched_jvp_seconds_median": 0.00021349999587982893,
      "batched_jvp_states_per_second": 4683.840839804335,
      "batched_jvp_warmup_seconds": 2.5628108750097454,
      "batched_residual_samples": [
        0.00016091595171019435,
        9.179196786135435e-05,
        7.804099004715681e-05
      ],
      "batched_residual_seconds_median": 9.179196786135435e-05,
      "batched_residual_states_per_second": 10894.199386927115,
      "batched_residual_warmup_seconds": 1.344270957983099,
      "direction_build_seconds": 0.0021652079885825515,
      "jvp_batched_serial_max_abs_error": 0.0,
      "jvp_partition_count": 1,
      "jvp_partition_size": 1,
      "jvp_speedup_vs_serial": 1.1014847179668377,
      "pmap_batch_size": 0,
      "pmap_device_count": 0,
      "pmap_jvp_batched_max_abs_error": null,
      "pmap_jvp_samples": null,
      "pmap_jvp_seconds_median": null,
      "pmap_jvp_speedup_vs_batched": null,
      "pmap_jvp_speedup_vs_serial": null,
      "pmap_jvp_states_per_second": null,
      "residual_batched_serial_max_abs_error": 0.0,
      "residual_partition_count": 1,
      "residual_partition_size": 1,
      "residual_speedup_vs_serial": 1.3027608571859777,
      "serial_jvp_samples": [
        0.00027062499430030584,
        0.00023516698274761438,
        0.0002197500434704125
      ],
      "serial_jvp_seconds_median": 0.00023516698274761438,
      "serial_jvp_states_per_second": 4252.297615576497,
      "serial_residual_samples": [
        0.00014391698641702533,
        0.00011504202848300338,
        0.00011958298273384571
      ],
      "serial_residual_seconds_median": 0.00011958298273384571,
      "serial_residual_states_per_second": 8362.393855200007,
      "serial_warmup_seconds": 0.003180166007950902
    },
    {
      "batch_size": 4,
      "batch_warmup_seconds": 4.066937124996912,
      "batched_jvp_samples": [
        0.0007777500431984663,
        0.0006701249512843788,
        0.0006704999832436442
      ],
      "batched_jvp_seconds_median": 0.0006704999832436442,
      "batched_jvp_states_per_second": 5965.697389952793,
      "batched_jvp_warmup_seconds": 2.6505528750130907,
      "batched_residual_samples": [
        0.00023908400908112526,
        0.0002484169672243297,
        0.0002120000426657498
      ],
      "batched_residual_seconds_median": 0.00023908400908112526,
      "batched_residual_states_per_second": 16730.520854879644,
      "batched_residual_warmup_seconds": 1.4117641669581644,
      "direction_build_seconds": 0.01898037502542138,
      "jvp_batched_serial_max_abs_error": 0.0,
      "jvp_partition_count": 1,
      "jvp_partition_size": 4,
      "jvp_speedup_vs_serial": 1.2782744696591801,
      "pmap_batch_size": 0,
      "pmap_device_count": 0,
      "pmap_jvp_batched_max_abs_error": null,
      "pmap_jvp_samples": null,
      "pmap_jvp_seconds_median": null,
      "pmap_jvp_speedup_vs_batched": null,
      "pmap_jvp_speedup_vs_serial": null,
      "pmap_jvp_states_per_second": null,
      "residual_batched_serial_max_abs_error": 0.0,
      "residual_partition_count": 1,
      "residual_partition_size": 4,
      "residual_speedup_vs_serial": 1.2910399977406808,
      "serial_jvp_samples": [
        0.0008570830104872584,
        0.0008638750296086073,
        0.0008207079954445362
      ],
      "serial_jvp_seconds_median": 0.0008570830104872584,
      "serial_jvp_states_per_second": 4666.992521209781,
      "serial_residual_samples": [
        0.00032837502658367157,
        0.00030866701854392886,
        0.00030100002186372876
      ],
      "serial_residual_seconds_median": 0.00030866701854392886,
      "serial_residual_states_per_second": 12958.948509851007,
      "serial_warmup_seconds": 0.0046200830256566405
    },
    {
      "batch_size": 16,
      "batch_warmup_seconds": 3.980376625957433,
      "batched_jvp_samples": [
        0.0020102919661439955,
        0.0018567499937489629,
        0.0019663750426843762
      ],
      "batched_jvp_seconds_median": 0.0019663750426843762,
      "batched_jvp_states_per_second": 8136.799772518353,
      "batched_jvp_warmup_seconds": 2.737073666998185,
      "batched_residual_samples": [
        0.0007417920278385282,
        0.0006766250007785857,
        0.0006228749989531934
      ],
      "batched_residual_seconds_median": 0.0006766250007785857,
      "batched_residual_states_per_second": 23646.776252117434,
      "batched_residual_warmup_seconds": 1.234089083969593,
      "direction_build_seconds": 0.020065333985257894,
      "jvp_batched_serial_max_abs_error": 0.0,
      "jvp_partition_count": 1,
      "jvp_partition_size": 16,
      "jvp_speedup_vs_serial": 1.680354925598689,
      "pmap_batch_size": 0,
      "pmap_device_count": 0,
      "pmap_jvp_batched_max_abs_error": null,
      "pmap_jvp_samples": null,
      "pmap_jvp_seconds_median": null,
      "pmap_jvp_speedup_vs_batched": null,
      "pmap_jvp_speedup_vs_serial": null,
      "pmap_jvp_states_per_second": null,
      "residual_batched_serial_max_abs_error": 0.0,
      "residual_partition_count": 1,
      "residual_partition_size": 16,
      "residual_speedup_vs_serial": 1.747150996844635,
      "serial_jvp_samples": [
        0.0034750410122796893,
        0.003304207988549024,
        0.003121459041722119
      ],
      "serial_jvp_seconds_median": 0.003304207988549024,
      "serial_jvp_states_per_second": 4842.310186116969,
      "serial_residual_samples": [
        0.0012029590434394777,
        0.0011362499790266156,
        0.001182166044600308
      ],
      "serial_residual_seconds_median": 0.001182166044600308,
      "serial_residual_states_per_second": 13534.477726781286,
      "serial_warmup_seconds": 0.009213874989654869
    },
    {
      "batch_size": 64,
      "batch_warmup_seconds": 4.18336054199608,
      "batched_jvp_samples": [
        0.007003165956120938,
        0.006648042006418109,
        0.00696629099547863
      ],
      "batched_jvp_seconds_median": 0.00696629099547863,
      "batched_jvp_states_per_second": 9187.098276764245,
      "batched_jvp_warmup_seconds": 2.8570129579748027,
      "batched_residual_samples": [
        0.001842375029809773,
        0.002160749980248511,
        0.0019931250135414302
      ],
      "batched_residual_seconds_median": 0.0019931250135414302,
      "batched_residual_states_per_second": 32110.379211128024,
      "batched_residual_warmup_seconds": 1.2983891670010053,
      "direction_build_seconds": 0.019823667011223733,
      "jvp_batched_serial_max_abs_error": 0.0,
      "jvp_partition_count": 1,
      "jvp_partition_size": 64,
      "jvp_speedup_vs_serial": 2.130629346424959,
      "pmap_batch_size": 0,
      "pmap_device_count": 0,
      "pmap_jvp_batched_max_abs_error": null,
      "pmap_jvp_samples": null,
      "pmap_jvp_seconds_median": null,
      "pmap_jvp_speedup_vs_batched": null,
      "pmap_jvp_speedup_vs_serial": null,
      "pmap_jvp_states_per_second": null,
      "residual_batched_serial_max_abs_error": 1.6940658945086007e-21,
      "residual_partition_count": 1,
      "residual_partition_size": 64,
      "residual_speedup_vs_serial": 2.4915436699313385,
      "serial_jvp_samples": [
        0.014887250028550625,
        0.014469249988906085,
        0.01484258403070271
      ],
      "serial_jvp_seconds_median": 0.01484258403070271,
      "serial_jvp_states_per_second": 4311.917646389095,
      "serial_residual_samples": [
        0.004965958010870963,
        0.004379999998491257,
        0.005761875014286488
      ],
      "serial_residual_seconds_median": 0.004965958010870963,
      "serial_residual_states_per_second": 12887.744894318035,
      "serial_warmup_seconds": 0.027958417020272464
    }
  ],
  "case": "recycling_batched_jvp_profile",