{
  "comparison_profiles": {
    "iota": {
      "native_profile": [
        0.38380000000000003,
        0.40007685950413224,
        0.4158528925619835,
        0.4311280991735537,
        0.44590247933884297,
        0.46017603305785126,
        0.4739487603305785,
        0.4872206611570248,
        0.4999917355371902,
        0.5122619834710744,
        0.5240314049586777,
        0.5353
      ],
      "reference_profile": [
        0.38,
        0.39611570247933886,
        0.41173553719008266,
        0.4268595041322314,
        0.4414876033057851,
        0.4556198347107438,
        0.4692561983471074,
        0.482396694214876,
        0.4950413223140497,
        0.5071900826446282,
        0.5188429752066116,
        0.53
      ]
    },
    "pressure": {
      "native_profile": [
        1176.0,
        1150.6382611976203,
        1099.1175846834467,
        1028.9134257569706,
        942.936098862735,
        842.9334393376178,
        730.1168854171575,
        605.3945840158221,
        469.48236798141136,
        322.96462686855847,
        166.3309925067738,
        0.0
      ],
      "reference_profile": [
        1200.0,
        1174.1206746914493,
        1121.5485557994355,
        1049.9116589356843,
        962.1796927170765,
        860.1361625894059,
        745.0172300175077,
        617.7495755263492,
        479.0636407973585,
        329.5557417026107,
        169.72550255793246,
        0.0
      ]
    },
    "toroidal_flux": {
      "native_profile": [
        0.0,
        0.01761570247933884,
        0.07046280991735536,
        0.15854132231404955,
        0.28185123966942144,
        0.44039256198347115,
        0.6341652892561982,
        0.8631694214876032,
        1.1274049586776858,
        1.4268719008264463,
        1.7615702479338846,
        2.1315
      ],
      "reference_profile": [
        0.0,
        0.017355371900826446,
        0.06942148760330578,
        0.156198347107438,
        0.27768595041322314,
        0.43388429752066127,
        0.624793388429752,
        0.8504132231404958,
        1.1107438016528925,
        1.4057851239669423,
        1.735537190082645,
        2.1
      ]
    }
  },
  "field_names": [
    "iota",
    "pressure",
    "toroidal_flux"
  ]
}