{
  "field_names": [
    "iota",
    "pressure",
    "toroidal_flux"
  ],
  "variable_errors": {
    "iota": {
      "max_abs_error": 3.545602700327777e-11,
      "name": "iota",
      "relative_l2_error": 3.542507113258713e-11,
      "rms_error": 7.445354554326265e-12
    },
    "pressure": {
      "max_abs_error": 0.0,
      "name": "pressure",
      "relative_l2_error": 0.0,
      "rms_error": 0.0
    },
    "toroidal_flux": {
      "max_abs_error": 0.03938369338999987,
      "name": "toroidal_flux",
      "relative_l2_error": 0.4745023299999996,
      "rms_error": 0.022794960565606835
    }
  }
}