{
  "case_name": "alfven_wave_short_window",
  "compare_variables": [
    "Apar",
    "Ajpar",
    "phi",
    "Vort",
    "NVe"
  ],
  "component_labels": [
    "i:fixed_density",
    "i:fixed_velocity",
    "i:fixed_temperature",
    "e:quasineutral",
    "e:evolve_momentum",
    "e:fixed_temperature",
    "electromagnetic",
    "vorticity",
    "sound_speed"
  ],
  "configured_nout": 50,
  "configured_timestep": 10.0,
  "dataset_scalars": {
    "Bnorm": 1.0,
    "Cs0": 97871.51425755137,
    "Nnorm": 1e+19,
    "Omega_ci": 95788333.03066081,
    "Tnorm": 100.0,
    "rho_s0": 0.0010217477552952484
  },
  "dimensions": {
    "t": 21,
    "x": 5,
    "y": 36,
    "z": 27
  },
  "effective_output_points": 21,
  "overrides": [
    "nout=20"
  ],
  "parity_mode": "short_window",
  "reference_runner": "external-reference",
  "required_artifacts": [
    "BOUT.dmp.0.nc",
    "BOUT.log.0",
    "BOUT.restart.0.nc",
    "BOUT.settings"
  ],
  "time_points": [
    0.0,
    10.0,
    20.0,
    30.0,
    40.0,
    50.0,
    60.0,
    70.0,
    80.0,
    90.0,
    100.0,
    110.0,
    120.0,
    130.0,
    140.0,
    150.0,
    160.0,
    170.0,
    180.0,
    190.0,
    200.0
  ],
  "variable_summaries": {
    "Ajpar": {
      "dimensions": [
        "t",
        "x",
        "y",
        "z"
      ],
      "max_abs_delta_last_first": 0.00187793542682275,
      "maximum": 0.018366872441495742,
      "mean": -4.743530223237795e-07,
      "minimum": -0.018366872441495742,
      "name": "Ajpar",
      "shape": [
        21,
        5,
        36,
        27
      ]
    },
    "Apar": {
      "dimensions": [
        "t",
        "x",
        "y",
        "z"
      ],
      "max_abs_delta_last_first": 4.816924564463348e-07,
      "maximum": 4.749223173010735e-06,
      "mean": 1.2911078451926534e-09,
      "minimum": -4.749223173010746e-06,
      "name": "Apar",
      "shape": [
        21,
        5,
        36,
        27
      ]
    },
    "NVe": {
      "dimensions": [
        "t",
        "x",
        "y",
        "z"
      ],
      "max_abs_delta_last_first": 1.0228406464176199e-06,
      "maximum": 1.0003743159856072e-05,
      "mean": 2.583622125945515e-10,
      "minimum": -1.0003743159856072e-05,
      "name": "NVe",
      "shape": [
        21,
        5,
        36,
        27
      ]
    },
    "Vort": {
      "dimensions": [
        "t",
        "x",
        "y",
        "z"
      ],
      "max_abs_delta_last_first": 4.174462663849562e-05,
      "maximum": 0.0009999933893861943,
      "mean": 1.7591992922163387e-21,
      "minimum": -0.0009999933893861943,
      "name": "Vort",
      "shape": [
        21,
        5,
        36,
        27
      ]
    },
    "phi": {
      "dimensions": [
        "t",
        "x",
        "y",
        "z"
      ],
      "max_abs_delta_last_first": 9.585943031183482e-05,
      "maximum": 9.650982775698144e-05,
      "mean": 7.266209006695148e-14,
      "minimum": -9.661774514262521e-05,
      "name": "phi",
      "shape": [
        21,
        5,
        36,
        27
      ]
    }
  }
}