{
  "case_name": "alfven_wave_medium_window",
  "compare_variables": [
    "Apar",
    "Ajpar",
    "phi",
    "Vort",
    "NVe"
  ],
  "component_labels": [
    "i:fixed_density",
    "i:fixed_velocity",
    "i:fixed_temperature",
    "e:quasineutral",
    "e:evolve_momentum",
    "e:fixed_temperature",
    "electromagnetic",
    "vorticity",
    "sound_speed"
  ],
  "configured_nout": 50,
  "configured_timestep": 10.0,
  "dataset_scalars": {
    "Bnorm": 1.0,
    "Cs0": 97871.51425755137,
    "Nnorm": 1e+19,
    "Omega_ci": 95788333.03066081,
    "Tnorm": 100.0,
    "rho_s0": 0.0010217477552952484
  },
  "dimensions": {
    "t": 51,
    "x": 5,
    "y": 36,
    "z": 27
  },
  "effective_output_points": 51,
  "overrides": [],
  "parity_mode": "short_window",
  "reference_runner": "external-reference",
  "required_artifacts": [
    "BOUT.dmp.0.nc",
    "BOUT.log.0",
    "BOUT.restart.0.nc",
    "BOUT.settings"
  ],
  "time_points": [
    0.0,
    10.0,
    20.0,
    30.0,
    40.0,
    50.0,
    60.0,
    70.0,
    80.0,
    90.0,
    100.0,
    110.0,
    120.0,
    130.0,
    140.0,
    150.0,
    160.0,
    170.0,
    180.0,
    190.0,
    200.0,
    210.0,
    220.0,
    230.0,
    240.0,
    250.0,
    260.0,
    270.0,
    280.0,
    290.0,
    300.0,
    310.0,
    320.0,
    330.0,
    340.0,
    350.0,
    360.0,
    370.0,
    380.0,
    390.0,
    400.0,
    410.0,
    420.0,
    430.0,
    440.0,
    450.0,
    460.0,
    470.0,
    480.0,
    490.0,
    500.0
  ],
  "variable_summaries": {
    "Ajpar": {
      "dimensions": [
        "t",
        "x",
        "y",
        "z"
      ],
      "max_abs_delta_last_first": 0.004643492678778238,
      "maximum": 0.018366872441495742,
      "mean": -4.892144068838e-07,
      "minimum": -0.018366872441495742,
      "name": "Ajpar",
      "shape": [
        51,
        5,
        36,
        27
      ]
    },
    "Apar": {
      "dimensions": [
        "t",
        "x",
        "y",
        "z"
      ],
      "max_abs_delta_last_first": 1.210868562465644e-06,
      "maximum": 4.749223173010735e-06,
      "mean": 1.3315579936956964e-09,
      "minimum": -4.749223173010746e-06,
      "name": "Apar",
      "shape": [
        51,
        5,
        36,
        27
      ]
    },
    "NVe": {
      "dimensions": [
        "t",
        "x",
        "y",
        "z"
      ],
      "max_abs_delta_last_first": 2.5291354459576463e-06,
      "maximum": 1.0003743159856072e-05,
      "mean": 2.6645664862920905e-10,
      "minimum": -1.0003743159856072e-05,
      "name": "NVe",
      "shape": [
        51,
        5,
        36,
        27
      ]
    },
    "Vort": {
      "dimensions": [
        "t",
        "x",
        "y",
        "z"
      ],
      "max_abs_delta_last_first": 0.001951816203195512,
      "maximum": 0.0009999933893861943,
      "mean": 1.6569667672779354e-21,
      "minimum": -0.0009999933893861943,
      "name": "Vort",
      "shape": [
        51,
        5,
        36,
        27
      ]
    },
    "phi": {
      "dimensions": [
        "t",
        "x",
        "y",
        "z"
      ],
      "max_abs_delta_last_first": 9.208991969231841e-05,
      "maximum": 9.650982775698144e-05,
      "mean": 3.0870240514717926e-14,
      "minimum": -9.661774514262521e-05,
      "name": "phi",
      "shape": [
        51,
        5,
        36,
        27
      ]
    }
  }
}