{
  "case_name": "blob2d_short_window",
  "compare_variables": [
    "Ne",
    "Vort",
    "phi"
  ],
  "component_labels": [
    "e:evolve_density",
    "e:isothermal",
    "vorticity",
    "sheath_closure"
  ],
  "configured_nout": 50,
  "configured_timestep": 50.0,
  "dataset_scalars": {
    "Bnorm": 0.35,
    "Cs0": 21884.735894072473,
    "Nnorm": 2e+18,
    "Omega_ci": 33525916.560731284,
    "Tnorm": 5.0,
    "rho_s0": 0.0006527706961994274
  },
  "dimensions": {
    "t": 51,
    "x": 260,
    "y": 1,
    "z": 256
  },
  "effective_output_points": 51,
  "overrides": [],
  "parity_mode": "short_window",
  "reference_runner": "external-reference",
  "required_artifacts": [
    "BOUT.dmp.0.nc",
    "BOUT.log.0",
    "BOUT.restart.0.nc",
    "BOUT.settings"
  ],
  "time_points": [
    0.0,
    50.0,
    100.0,
    150.0,
    200.0,
    250.0,
    300.0,
    350.0,
    400.0,
    450.0,
    500.0,
    550.0,
    600.0,
    650.0,
    700.0,
    750.0,
    800.0,
    850.0,
    900.0,
    950.0,
    1000.0,
    1050.0,
    1100.0,
    1150.0,
    1200.0,
    1250.0,
    1300.0,
    1350.0,
    1400.0,
    1450.0,
    1500.0,
    1550.0,
    1600.0,
    1650.0,
    1700.0,
    1750.0,
    1800.0,
    1850.0,
    1900.0,
    1950.0,
    2000.0,
    2050.0,
    2100.0,
    2150.0,
    2200.0,
    2250.0,
    2300.0,
    2350.0,
    2400.0,
    2450.0,
    2500.0
  ],
  "variable_summaries": {
    "Ne": {
      "dimensions": [
        "t",
        "x",
        "y",
        "z"
      ],
      "max_abs_delta_last_first": 0.49427954031288457,
      "maximum": 1.4992376423275375,
      "mean": 1.0039269980251797,
      "minimum": 0.993485336257948,
      "name": "Ne",
      "shape": [
        51,
        256,
        1,
        256
      ]
    },
    "Vort": {
      "dimensions": [
        "t",
        "x",
        "y",
        "z"
      ],
      "max_abs_delta_last_first": 0.0555645135750973,
      "maximum": 0.08640935251179341,
      "mean": 7.20819551995439e-09,
      "minimum": -0.08663806057279995,
      "name": "Vort",
      "shape": [
        51,
        256,
        1,
        256
      ]
    },
    "phi": {
      "dimensions": [
        "t",
        "x",
        "y",
        "z"
      ],
      "max_abs_delta_last_first": 0.10883919600918118,
      "maximum": 0.18922188839668416,
      "mean": -1.4580177899057055e-05,
      "minimum": -0.1902649483628736,
      "name": "phi",
      "shape": [
        51,
        256,
        1,
        256
      ]
    }
  }
}