{
  "case_name": "drift_wave_short_window",
  "compare_variables": [
    "Ni",
    "Ne",
    "NVe",
    "Vort",
    "phi"
  ],
  "component_labels": [
    "i:evolve_density",
    "i:fixed_velocity",
    "i:fixed_temperature",
    "e:quasineutral",
    "e:evolve_momentum",
    "e:fixed_temperature",
    "vorticity",
    "sound_speed",
    "braginskii_collisions",
    "braginskii_friction",
    "braginskii_heat_exchange"
  ],
  "configured_nout": 50,
  "configured_timestep": 10.0,
  "dataset_scalars": {
    "Bnorm": 1.0,
    "Cs0": 97871.51425755137,
    "Nnorm": 1e+19,
    "Omega_ci": 95788333.03066081,
    "Tnorm": 100.0,
    "rho_s0": 0.0010217477552952484
  },
  "dimensions": {
    "t": 51,
    "x": 5,
    "y": 36,
    "z": 27
  },
  "effective_output_points": 51,
  "overrides": [],
  "parity_mode": "short_window",
  "reference_runner": "external-reference",
  "required_artifacts": [
    "BOUT.dmp.0.nc",
    "BOUT.log.0",
    "BOUT.restart.0.nc",
    "BOUT.settings"
  ],
  "time_points": [
    0.0,
    10.0,
    20.0,
    30.0,
    40.0,
    50.0,
    60.0,
    70.0,
    80.0,
    90.0,
    100.0,
    110.0,
    120.0,
    130.0,
    140.0,
    150.0,
    160.0,
    170.0,
    180.0,
    190.0,
    200.0,
    210.0,
    220.0,
    230.0,
    240.0,
    250.0,
    260.0,
    270.0,
    280.0,
    290.0,
    300.0,
    310.0,
    320.0,
    330.0,
    340.0,
    350.0,
    360.0,
    370.0,
    380.0,
    390.0,
    400.0,
    410.0,
    420.0,
    430.0,
    440.0,
    450.0,
    460.0,
    470.0,
    480.0,
    490.0,
    500.0
  ],
  "variable_summaries": {
    "NVe": {
      "dimensions": [
        "t",
        "x",
        "y",
        "z"
      ],
      "max_abs_delta_last_first": 0.0014807458157096488,
      "maximum": 0.0013393929150927885,
      "mean": 1.4759468170229311e-06,
      "minimum": -0.0014807458157096488,
      "name": "NVe",
      "shape": [
        51,
        1,
        32,
        27
      ]
    },
    "Ne": {
      "dimensions": [
        "t",
        "x",
        "y",
        "z"
      ],
      "max_abs_delta_last_first": 0.040738941870365086,
      "maximum": 1.0385120686719214,
      "mean": 1.0,
      "minimum": 0.9602158621704612,
      "name": "Ne",
      "shape": [
        51,
        1,
        32,
        27
      ]
    },
    "Ni": {
      "dimensions": [
        "t",
        "x",
        "y",
        "z"
      ],
      "max_abs_delta_last_first": 0.040738941870365086,
      "maximum": 1.0385120686719214,
      "mean": 1.0,
      "minimum": 0.9602158621704612,
      "name": "Ni",
      "shape": [
        51,
        1,
        32,
        27
      ]
    },
    "Vort": {
      "dimensions": [
        "t",
        "x",
        "y",
        "z"
      ],
      "max_abs_delta_last_first": 0.1710303817891934,
      "maximum": 0.1710303817891934,
      "mean": -3.615342072043578e-19,
      "minimum": -0.14070955298816462,
      "name": "Vort",
      "shape": [
        51,
        1,
        32,
        27
      ]
    },
    "phi": {
      "dimensions": [
        "t",
        "x",
        "y",
        "z"
      ],
      "max_abs_delta_last_first": 0.014410921015291797,
      "maximum": 0.013724298434434528,
      "mean": 3.3906476675606074e-19,
      "minimum": -0.014410921015291797,
      "name": "phi",
      "shape": [
        51,
        1,
        32,
        27
      ]
    }
  }
}