{
  "case_name": "fluid_1d_mms",
  "compare_variables": [
    "Ni",
    "Pi",
    "NVi"
  ],
  "component_labels": [
    "i:evolve_density",
    "i:evolve_pressure",
    "i:evolve_momentum"
  ],
  "configured_nout": 50,
  "configured_timestep": 0.1,
  "dataset_scalars": {
    "Bnorm": 1.0,
    "Cs0": 21884.735894072473,
    "Nnorm": 1e+18,
    "Omega_ci": 95788333.03066081,
    "Tnorm": 5.0,
    "rho_s0": 0.0002284697436697996
  },
  "dimensions": {
    "t": 51,
    "x": 1,
    "y": 132,
    "z": 1
  },
  "effective_output_points": 51,
  "overrides": [],
  "parity_mode": "short_window",
  "reference_runner": "external-reference",
  "required_artifacts": [
    "BOUT.dmp.0.nc",
    "BOUT.log.0",
    "BOUT.restart.0.nc",
    "BOUT.settings"
  ],
  "time_points": [
    0.0,
    0.1,
    0.2,
    0.30000000000000004,
    0.4,
    0.5,
    0.6,
    0.7,
    0.7999999999999999,
    0.8999999999999999,
    0.9999999999999999,
    1.0999999999999999,
    1.2,
    1.3,
    1.4000000000000001,
    1.5000000000000002,
    1.6000000000000003,
    1.7000000000000004,
    1.8000000000000005,
    1.9000000000000006,
    2.0000000000000004,
    2.1000000000000005,
    2.2000000000000006,
    2.3000000000000007,
    2.400000000000001,
    2.500000000000001,
    2.600000000000001,
    2.700000000000001,
    2.800000000000001,
    2.9000000000000012,
    3.0000000000000013,
    3.1000000000000014,
    3.2000000000000015,
    3.3000000000000016,
    3.4000000000000017,
    3.5000000000000018,
    3.600000000000002,
    3.700000000000002,
    3.800000000000002,
    3.900000000000002,
    4.000000000000002,
    4.100000000000001,
    4.200000000000001,
    4.300000000000001,
    4.4,
    4.5,
    4.6,
    4.699999999999999,
    4.799999999999999,
    4.899999999999999,
    4.999999999999998
  ],
  "variable_summaries": {
    "NVi": {
      "dimensions": [
        "t",
        "x",
        "y",
        "z"
      ],
      "max_abs_delta_last_first": 0.3829657074144623,
      "maximum": 0.20072763545190758,
      "mean": 0.0010577340216048928,
      "minimum": -0.2011036099058617,
      "name": "NVi",
      "shape": [
        51,
        1,
        132,
        1
      ]
    },
    "Ni": {
      "dimensions": [
        "t",
        "x",
        "y",
        "z"
      ],
      "max_abs_delta_last_first": 0.12005925873819923,
      "maximum": 1.1008560188844416,
      "mean": 0.999602583728778,
      "minimum": 0.8991765372759338,
      "name": "Ni",
      "shape": [
        51,
        1,
        132,
        1
      ]
    },
    "Pi": {
      "dimensions": [
        "t",
        "x",
        "y",
        "z"
      ],
      "max_abs_delta_last_first": 0.12034277570195084,
      "maximum": 1.100989659581455,
      "mean": 0.9995039288354484,
      "minimum": 0.8990429605196362,
      "name": "Pi",
      "shape": [
        51,
        1,
        132,
        1
      ]
    }
  }
}