{
  "case_name": "integrated_2d_production_medium_window",
  "compare_variables": [
    "Nd+",
    "Pd+",
    "NVd+",
    "Nd",
    "Pd",
    "NVd",
    "Pe",
    "Sd_target_recycle",
    "Ed_target_recycle"
  ],
  "component_labels": [
    "d+:evolve_density",
    "d+:evolve_momentum",
    "d+:evolve_pressure",
    "d+:anomalous_diffusion",
    "d:neutral_mixed",
    "d:neutral_boundary",
    "e:quasineutral",
    "e:evolve_pressure",
    "e:zero_current",
    "e:anomalous_diffusion",
    "sheath_boundary_simple",
    "braginskii_collisions",
    "braginskii_friction",
    "braginskii_heat_exchange",
    "reactions",
    "electron_force_balance",
    "braginskii_conduction",
    "recycling"
  ],
  "configured_nout": 1,
  "configured_timestep": 0.1,
  "dataset_scalars": {
    "Bnorm": 1.0,
    "Cs0": 97871.51425755137,
    "Nnorm": 1e+17,
    "Omega_ci": 95788333.03066081,
    "Tnorm": 100.0,
    "rho_s0": 0.0010217477552952484
  },
  "dimensions": {
    "t": 21,
    "x": 20,
    "y": 9,
    "z": 1
  },
  "effective_output_points": 21,
  "overrides": [
    "nout=20"
  ],
  "parity_mode": "short_window",
  "reference_runner": "external-reference",
  "required_artifacts": [
    "BOUT.dmp.0.nc",
    "BOUT.log.0",
    "BOUT.restart.0.nc",
    "BOUT.settings"
  ],
  "time_points": [
    0.0,
    0.1,
    0.2,
    0.30000000000000004,
    0.4,
    0.5,
    0.6,
    0.7,
    0.7999999999999999,
    0.8999999999999999,
    0.9999999999999999,
    1.0999999999999999,
    1.2,
    1.3,
    1.4000000000000001,
    1.5000000000000002,
    1.6000000000000003,
    1.7000000000000004,
    1.8000000000000005,
    1.9000000000000006,
    2.0000000000000004
  ],
  "variable_summaries": {
    "Ed_target_recycle": {
      "dimensions": [
        "t",
        "x",
        "y",
        "z"
      ],
      "max_abs_delta_last_first": 0.015095460722720777,
      "maximum": 0.16436802459806196,
      "mean": 0.019513240651478667,
      "minimum": 0.0,
      "name": "Ed_target_recycle",
      "shape": [
        21,
        16,
        5,
        1
      ]
    },
    "NVd": {
      "dimensions": [
        "t",
        "x",
        "y",
        "z"
      ],
      "max_abs_delta_last_first": 0.2167763950035586,
      "maximum": 0.01270278211420814,
      "mean": -0.0046370930497467615,
      "minimum": -0.2167763950035586,
      "name": "NVd",
      "shape": [
        21,
        16,
        5,
        1
      ]
    },
    "NVd+": {
      "dimensions": [
        "t",
        "x",
        "y",
        "z"
      ],
      "max_abs_delta_last_first": 187.92204425528448,
      "maximum": 0.0,
      "mean": -12.916311423389459,
      "minimum": -187.92204425528448,
      "name": "NVd+",
      "shape": [
        21,
        16,
        5,
        1
      ]
    },
    "Nd": {
      "dimensions": [
        "t",
        "x",
        "y",
        "z"
      ],
      "max_abs_delta_last_first": 42.61989737695394,
      "maximum": 42.61989737695394,
      "mean": 2.742893181557118,
      "minimum": 0.0,
      "name": "Nd",
      "shape": [
        21,
        16,
        5,
        1
      ]
    },
    "Nd+": {
      "dimensions": [
        "t",
        "x",
        "y",
        "z"
      ],
      "max_abs_delta_last_first": 42.91777931927402,
      "maximum": 700.0000020875259,
      "mean": 697.2555295063655,
      "minimum": 657.082220680726,
      "name": "Nd+",
      "shape": [
        21,
        16,
        5,
        1
      ]
    },
    "Pd": {
      "dimensions": [
        "t",
        "x",
        "y",
        "z"
      ],
      "max_abs_delta_last_first": 2.0017582740178312,
      "maximum": 2.0017582740178312,
      "mean": 0.09374112701631175,
      "minimum": 0.0,
      "name": "Pd",
      "shape": [
        21,
        16,
        5,
        1
      ]
    },
    "Pd+": {
      "dimensions": [
        "t",
        "x",
        "y",
        "z"
      ],
      "max_abs_delta_last_first": 65.45758685324017,
      "maximum": 1050.009707438084,
      "mean": 1045.7950648061576,
      "minimum": 984.5424131467598,
      "name": "Pd+",
      "shape": [
        21,
        16,
        5,
        1
      ]
    },
    "Pe": {
      "dimensions": [
        "t",
        "x",
        "y",
        "z"
      ],
      "max_abs_delta_last_first": 71.35349110273421,
      "maximum": 1050.0,
      "mean": 1042.8427710587127,
      "minimum": 978.6465088972658,
      "name": "Pe",
      "shape": [
        21,
        16,
        5,
        1
      ]
    },
    "Sd_target_recycle": {
      "dimensions": [
        "t",
        "x",
        "y",
        "z"
      ],
      "max_abs_delta_last_first": 2.1538485077929757,
      "maximum": 23.45269091790424,
      "mean": 2.7801886049741036,
      "minimum": 0.0,
      "name": "Sd_target_recycle",
      "shape": [
        21,
        16,
        5,
        1
      ]
    }
  }
}