{
  "case_name": "neutral_mixed_one_step",
  "compare_variables": [
    "Nh",
    "Ph",
    "NVh"
  ],
  "component_labels": [
    "h:neutral_mixed"
  ],
  "configured_nout": 15,
  "configured_timestep": 20.0,
  "dataset_scalars": {
    "Bnorm": 1.0,
    "Cs0": 97871.51425755137,
    "Nnorm": 1e+19,
    "Omega_ci": 95788333.03066081,
    "Tnorm": 100.0,
    "rho_s0": 0.0010217477552952484
  },
  "dimensions": {
    "t": 2,
    "x": 10,
    "y": 14,
    "z": 10
  },
  "effective_output_points": 2,
  "overrides": [
    "nout=1"
  ],
  "parity_mode": "one_step",
  "reference_runner": "external-reference",
  "required_artifacts": [
    "BOUT.dmp.0.nc",
    "BOUT.log.0",
    "BOUT.restart.0.nc",
    "BOUT.settings"
  ],
  "time_points": [
    0.0,
    20.0
  ],
  "variable_summaries": {
    "NVh": {
      "dimensions": [
        "t",
        "x",
        "y",
        "z"
      ],
      "max_abs_delta_last_first": 0.001435116130033115,
      "maximum": 0.001435116130033115,
      "mean": -1.6739699904011473e-15,
      "minimum": -0.001435116130033115,
      "name": "NVh",
      "shape": [
        2,
        10,
        10,
        10
      ]
    },
    "Nh": {
      "dimensions": [
        "t",
        "x",
        "y",
        "z"
      ],
      "max_abs_delta_last_first": 0.2266562563023966,
      "maximum": 0.99060001424835,
      "mean": 0.7803541601537147,
      "minimum": 0.5346670238843633,
      "name": "Nh",
      "shape": [
        2,
        10,
        10,
        10
      ]
    },
    "Ph": {
      "dimensions": [
        "t",
        "x",
        "y",
        "z"
      ],
      "max_abs_delta_last_first": 0.022715602572965926,
      "maximum": 0.09906000142483501,
      "mean": 0.07803456733558203,
      "minimum": 0.05346670238843633,
      "name": "Ph",
      "shape": [
        2,
        10,
        10,
        10
      ]
    }
  }
}