{
  "case_name": "vorticity_short_window",
  "compare_variables": [
    "Vort",
    "phi"
  ],
  "component_labels": [
    "vorticity"
  ],
  "configured_nout": 10,
  "configured_timestep": 20.0,
  "dataset_scalars": {
    "Bnorm": 1.0,
    "Cs0": 97871.51425755137,
    "Nnorm": 1e+19,
    "Omega_ci": 95788333.03066081,
    "Tnorm": 100.0,
    "rho_s0": 0.0010217477552952484
  },
  "dimensions": {
    "t": 11,
    "x": 10,
    "y": 1,
    "z": 10
  },
  "effective_output_points": 11,
  "overrides": [],
  "parity_mode": "short_window",
  "reference_runner": "external-reference",
  "required_artifacts": [
    "BOUT.dmp.0.nc",
    "BOUT.log.0",
    "BOUT.restart.0.nc",
    "BOUT.settings"
  ],
  "time_points": [
    0.0,
    20.0,
    40.0,
    60.0,
    80.0,
    100.0,
    120.0,
    140.0,
    160.0,
    180.0,
    200.0
  ],
  "variable_summaries": {
    "Vort": {
      "dimensions": [
        "t",
        "x",
        "y",
        "z"
      ],
      "max_abs_delta_last_first": 0.6511009764480993,
      "maximum": 0.8406237433345054,
      "mean": 0.07391481682309933,
      "minimum": -0.014316374350806155,
      "name": "Vort",
      "shape": [
        11,
        10,
        1,
        10
      ]
    },
    "phi": {
      "dimensions": [
        "t",
        "x",
        "y",
        "z"
      ],
      "max_abs_delta_last_first": 394064.0505943825,
      "maximum": 97346.81873081186,
      "mean": -103361.38432423558,
      "minimum": -476824.23851629073,
      "name": "phi",
      "shape": [
        11,
        10,
        1,
        10
      ]
    }
  }
}