{
  "backend": "cpu",
  "batch_results": [
    {
      "batch_size": 1,
      "batch_warmup_seconds": 3.916821666993201,
      "batched_jvp_samples": [
        0.0003332910127937794,
        0.0002655829885043204,
        0.0002275419537909329
      ],
      "batched_jvp_seconds_median": 0.0002655829885043204,
      "batched_jvp_states_per_second": 3765.3014059058696,
      "batched_residual_samples": [
        0.00014895800268277526,
        0.00010845804354175925,
        0.00010479200864210725
      ],
      "batched_residual_seconds_median": 0.00010845804354175925,
      "batched_residual_states_per_second": 9220.155253998964,
      "jvp_batched_serial_max_abs_error": 0.0,
      "jvp_speedup_vs_serial": 1.1481006452127598,
      "pmap_batch_size": 0,
      "pmap_device_count": 0,
      "pmap_jvp_batched_max_abs_error": null,
      "pmap_jvp_samples": null,
      "pmap_jvp_seconds_median": null,
      "pmap_jvp_speedup_vs_batched": null,
      "pmap_jvp_speedup_vs_serial": null,
      "pmap_jvp_states_per_second": null,
      "residual_batched_serial_max_abs_error": 0.0,
      "residual_speedup_vs_serial": 1.1640443408048644,
      "serial_jvp_samples": [
        0.0003266670391894877,
        0.0003049160004593432,
        0.00027050002245232463
      ],
      "serial_jvp_seconds_median": 0.0003049160004593432,
      "serial_jvp_states_per_second": 3279.5917514775933,
      "serial_residual_samples": [
        0.00013470801059156656,
        0.00012624997179955244,
        0.00011141604045405984
      ],
      "serial_residual_seconds_median": 0.00012624997179955244,
      "serial_residual_states_per_second": 7920.793848474706
    },
    {
      "batch_size": 4,
      "batch_warmup_seconds": 3.9393659999477677,
      "batched_jvp_samples": [
        0.0008283340139314532,
        0.0007537500350736082,
        0.0006759999669156969
      ],
      "batched_jvp_seconds_median": 0.0007537500350736082,
      "batched_jvp_states_per_second": 5306.799089713311,
      "batched_residual_samples": [
        0.00027295801555737853,
        0.00021595903672277927,
        0.0002222080365754664
      ],
      "batched_residual_seconds_median": 0.0002222080365754664,
      "batched_residual_states_per_second": 18001.14911074118,
      "jvp_batched_serial_max_abs_error": 0.0,
      "jvp_speedup_vs_serial": 1.1188510414479456,
      "pmap_batch_size": 0,
      "pmap_device_count": 0,
      "pmap_jvp_batched_max_abs_error": null,
      "pmap_jvp_samples": null,
      "pmap_jvp_seconds_median": null,
      "pmap_jvp_speedup_vs_batched": null,
      "pmap_jvp_speedup_vs_serial": null,
      "pmap_jvp_states_per_second": null,
      "residual_batched_serial_max_abs_error": 0.0,
      "residual_speedup_vs_serial": 1.4708467965333378,
      "serial_jvp_samples": [
        0.000843334011733532,
        0.0008487090235576034,
        0.0008341249777004123
      ],
      "serial_jvp_seconds_median": 0.000843334011733532,
      "serial_jvp_states_per_second": 4743.07918849107,
      "serial_residual_samples": [
        0.00035012501757591963,
        0.0003265409613959491,
        0.0003268339787609875
      ],
      "serial_residual_seconds_median": 0.0003268339787609875,
      "serial_residual_states_per_second": 12238.629579347333
    },
    {
      "batch_size": 16,
      "batch_warmup_seconds": 3.779743708029855,
      "batched_jvp_samples": [
        0.0020289579988457263,
        0.0017156250542029738,
        0.0019014159915968776
      ],
      "batched_jvp_seconds_median": 0.0019014159915968776,
      "batched_jvp_states_per_second": 8414.781442204356,
      "batched_residual_samples": [
        0.000788375036790967,
        0.000627624976914376,
        0.0006770839681848884
      ],
      "batched_residual_seconds_median": 0.0006770839681848884,
      "batched_residual_states_per_second": 23630.74707394482,
      "jvp_batched_serial_max_abs_error": 0.0,
      "jvp_speedup_vs_serial": 2.1125045681945656,
      "pmap_batch_size": 0,
      "pmap_device_count": 0,
      "pmap_jvp_batched_max_abs_error": null,
      "pmap_jvp_samples": null,
      "pmap_jvp_seconds_median": null,
      "pmap_jvp_speedup_vs_batched": null,
      "pmap_jvp_speedup_vs_serial": null,
      "pmap_jvp_states_per_second": null,
      "residual_batched_serial_max_abs_error": 0.0,
      "residual_speedup_vs_serial": 1.8335362468400254,
      "serial_jvp_samples": [
        0.003623542026616633,
        0.004016749968286604,
        0.004094958014320582
      ],
      "serial_jvp_seconds_median": 0.004016749968286604,
      "serial_jvp_states_per_second": 3983.319879585387,
      "serial_residual_samples": [
        0.0012630000128410757,
        0.0012414579978212714,
        0.0011752499849535525
      ],
      "serial_residual_seconds_median": 0.0012414579978212714,
      "serial_residual_states_per_second": 12888.071950947684
    },
    {
      "batch_size": 64,
      "batch_warmup_seconds": 3.9913033329648897,
      "batched_jvp_samples": [
        0.006843208975624293,
        0.006972834002226591,
        0.006941791973076761
      ],
      "batched_jvp_seconds_median": 0.006941791973076761,
      "batched_jvp_states_per_second": 9219.521450400614,
      "batched_residual_samples": [
        0.0021005409653298557,
        0.001948749995790422,
        0.0019797499990090728
      ],
      "batched_residual_seconds_median": 0.0019797499990090728,
      "batched_residual_states_per_second": 32327.31407098574,
      "jvp_batched_serial_max_abs_error": 0.0,
      "jvp_speedup_vs_serial": 2.0963427119569045,
      "pmap_batch_size": 0,
      "pmap_device_count": 0,
      "pmap_jvp_batched_max_abs_error": null,
      "pmap_jvp_samples": null,
      "pmap_jvp_seconds_median": null,
      "pmap_jvp_speedup_vs_batched": null,
      "pmap_jvp_speedup_vs_serial": null,
      "pmap_jvp_states_per_second": null,
      "residual_batched_serial_max_abs_error": 1.6940658945086007e-21,
      "residual_speedup_vs_serial": 2.4410703259093904,
      "serial_jvp_samples": [
        0.014552375010680407,
        0.014595790999010205,
        0.014320750022307038
      ],
      "serial_jvp_seconds_median": 0.014552375010680407,
      "serial_jvp_states_per_second": 4397.907554816898,
      "serial_residual_samples": [
        0.004832708975300193,
        0.0044154999777674675,
        0.005301875004079193
      ],
      "serial_residual_seconds_median": 0.004832708975300193,
      "serial_residual_states_per_second": 13243.090019925008
    }
  ],
  "case": "recycling_batched_jvp_profile",
  "compilation_cache_dir": null,
  "device_memory_profile_path": null,
  "devices": [
    {
      "id": 0,
      "kind": "cpu",
      "platform": "cpu"
    }
  ],
  "differentiability": {
    "jvp_fd_relative_error": 5.970822088758896e-09,
    "objective_directional_relative_error": 1.3400199333876716e-07,
    "objective_fd_directional_derivative": -7.073761816627443e-08,
    "objective_grad_checked": true,
    "objective_grad_directional_derivative": -7.073762764525627e-08
  },
  "fd_epsilon": 1e-06,
  "feedback_names": [],
  "field_names": [
    "Nd+",
    "Pd+",
    "NVd+",
    "Nd",
    "Pd",
    "NVd",
    "Nt+",
    "Pt+",
    "NVt+",
    "Nt",
    "Pt",
    "NVt",
    "Nhe+",
    "Phe+",
    "NVhe+",
    "Nhe",
    "Phe",
    "NVhe",
    "Pe"
  ],
  "input_path": "<input-path>/BOUT.inp",
  "interpretation": "This gate measures the real fixed-layout D/T/He recycling residual under jit, vmap, jvp, grad, and optional pmap after a multi-device identity sanity check. It is the current differentiable residual-throughput lane; it does not promote the full production BDF output-window solve as the default implicit backend.",
  "jax_trace_dir": null,
  "mesh_active_shape": [
    1,
    100,
    1
  ],
  "overrides": [
    "mesh:ny=100"
  ],
  "perturbation_scale": 1e-06,
  "pmap_enabled": false,
  "pmap_requested": true,
  "pmap_sanity_max_abs_error": null,
  "pmap_sanity_passed": false,