{
  "backend": "cpu",
  "batch_results": [
    {
      "batch_size": 1,
      "batch_warmup_seconds": 4.108050667971838,
      "batched_jvp_samples": [
        0.0003047080244868994,
        0.0002013339544646442,
        0.00020504096755757928
      ],
      "batched_jvp_seconds_median": 0.00020504096755757928,
      "batched_jvp_states_per_second": 4877.074137485142,
      "batched_jvp_warmup_seconds": 2.675285834004171,
      "batched_residual_samples": [
        0.00011262501357123256,
        7.845798972994089e-05,
        7.112498860806227e-05
      ],
      "batched_residual_seconds_median": 7.845798972994089e-05,
      "batched_residual_states_per_second": 12745.674512463109,
      "batched_residual_warmup_seconds": 1.4297776669845916,
      "direction_build_seconds": 0.001955792016815394,
      "jvp_batched_serial_max_abs_error": 0.0,
      "jvp_partition_count": 1,
      "jvp_partition_size": 1,
      "jvp_speedup_vs_serial": 1.0873826178959325,
      "pmap_batch_size": 0,
      "pmap_device_count": 0,
      "pmap_jvp_batched_max_abs_error": null,
      "pmap_jvp_samples": null,
      "pmap_jvp_seconds_median": null,
      "pmap_jvp_speedup_vs_batched": null,
      "pmap_jvp_speedup_vs_serial": null,
      "pmap_jvp_states_per_second": null,
      "residual_batched_serial_max_abs_error": 0.0,
      "residual_partition_count": 1,
      "residual_partition_size": 1,
      "residual_speedup_vs_serial": 1.1263990301936793,
      "serial_jvp_samples": [
        0.00024108297657221556,
        0.00021570903481915593,
        0.0002229579840786755
      ],
      "serial_jvp_seconds_median": 0.0002229579840786755,
      "serial_jvp_states_per_second": 4485.149989726892,
      "serial_residual_samples": [
        0.00010566698620095849,
        8.837500354275107e-05,
        8.112500654533505e-05
      ],
      "serial_residual_seconds_median": 8.837500354275107e-05,
      "serial_residual_states_per_second": 11315.416802402206,
      "serial_warmup_seconds": 0.00298716698307544
    },
    {
      "batch_size": 4,
      "batch_warmup_seconds": 4.158811999950558,
      "batched_jvp_samples": [
        0.0008136669639497995,
        0.0006874999962747097,
        0.0006426250329241157
      ],
      "batched_jvp_seconds_median": 0.0006874999962747097,
      "batched_jvp_states_per_second": 5818.181849708242,
      "batched_jvp_warmup_seconds": 2.7021037910017185,
      "batched_residual_samples": [
        0.00027249997947365046,
        0.00019583298126235604,
        0.00020029197912663221
      ],
      "batched_residual_seconds_median": 0.00020029197912663221,
      "batched_residual_states_per_second": 19970.844651103314,
      "batched_residual_warmup_seconds": 1.4523328749928623,
      "direction_build_seconds": 0.019751416984945536,
      "jvp_batched_serial_max_abs_error": 0.0,
      "jvp_partition_count": 1,
      "jvp_partition_size": 4,
      "jvp_speedup_vs_serial": 1.2422428449026175,
      "pmap_batch_size": 0,
      "pmap_device_count": 0,
      "pmap_jvp_batched_max_abs_error": null,
      "pmap_jvp_samples": null,
      "pmap_jvp_seconds_median": null,
      "pmap_jvp_speedup_vs_batched": null,
      "pmap_jvp_speedup_vs_serial": null,
      "pmap_jvp_states_per_second": null,
      "residual_batched_serial_max_abs_error": 0.0,
      "residual_partition_count": 1,
      "residual_partition_size": 4,
      "residual_speedup_vs_serial": 1.5985015940180007,
      "serial_jvp_samples": [
        0.0008540419512428343,
        0.0008117079851217568,
        0.0010077079641632736
      ],
      "serial_jvp_seconds_median": 0.0008540419512428343,
      "serial_jvp_states_per_second": 4683.610675305877,
      "serial_residual_samples": [
        0.00033516704570502043,
        0.00030341598903760314,
        0.0003201670479029417
      ],
      "serial_residual_seconds_median": 0.0003201670479029417,
      "serial_residual_states_per_second": 12493.478095886356,
      "serial_warmup_seconds": 0.004375333955977112
    },
    {
      "batch_size": 16,
      "batch_warmup_seconds": 3.9977180819259956,
      "batched_jvp_samples": [
        0.0020557499956339598,
        0.0020680410088971257,
        0.0018527500214986503
      ],
      "batched_jvp_seconds_median": 0.0020557499956339598,
      "batched_jvp_states_per_second": 7783.047566085905,
      "batched_jvp_warmup_seconds": 2.7629788749618456,
      "batched_residual_samples": [
        0.0007617920055054128,
        0.0006936669815331697,
        0.0007335000555031002
      ],
      "batched_residual_seconds_median": 0.0007335000555031002,
      "batched_residual_states_per_second": 21813.222616630566,
      "batched_residual_warmup_seconds": 1.2263496660161763,
      "direction_build_seconds": 0.01998174999607727,
      "jvp_batched_serial_max_abs_error": 0.0,
      "jvp_partition_count": 1,
      "jvp_partition_size": 16,
      "jvp_speedup_vs_serial": 1.6338319489966395,
      "pmap_batch_size": 0,
      "pmap_device_count": 0,
      "pmap_jvp_batched_max_abs_error": null,
      "pmap_jvp_samples": null,
      "pmap_jvp_seconds_median": null,
      "pmap_jvp_speedup_vs_batched": null,
      "pmap_jvp_speedup_vs_serial": null,
      "pmap_jvp_states_per_second": null,
      "residual_batched_serial_max_abs_error": 0.0,
      "residual_partition_count": 1,
      "residual_partition_size": 16,
      "residual_speedup_vs_serial": 2.061860811883726,
      "serial_jvp_samples": [
        0.003287209023255855,
        0.0033587500220164657,
        0.004032124998047948
      ],
      "serial_jvp_seconds_median": 0.0033587500220164657,
      "serial_jvp_states_per_second": 4763.676931930233,
      "serial_residual_samples": [
        0.0015801250119693577,
        0.0015123750199563801,
        0.0014397500199265778
      ],
      "serial_residual_seconds_median": 0.0015123750199563801,
      "serial_residual_states_per_second": 10579.38658657657,
      "serial_warmup_seconds": 0.008389540947973728
    },
    {
      "batch_size": 64,
      "batch_warmup_seconds": 4.117427082033828,
      "batched_jvp_samples": [
        0.0070338749792426825,
        0.006904083013068885,
        0.0074682909762486815
      ],
      "batched_jvp_seconds_median": 0.0070338749792426825,
      "batched_jvp_states_per_second": 9098.825354284403,
      "batched_jvp_warmup_seconds": 2.85446291603148,
      "batched_residual_samples": [
        0.0020355420419946313,
        0.0019015829893760383,
        0.002241209032945335
      ],
      "batched_residual_seconds_median": 0.0020355420419946313,
      "batched_residual_states_per_second": 31441.2567658324,
      "batched_residual_warmup_seconds": 1.2337519580032676,
      "direction_build_seconds": 0.020448499999474734,
      "jvp_batched_serial_max_abs_error": 0.0,
      "jvp_partition_count": 1,
      "jvp_partition_size": 64,
      "jvp_speedup_vs_serial": 2.0934347046233923,
      "pmap_batch_size": 0,
      "pmap_device_count": 0,
      "pmap_jvp_batched_max_abs_error": null,
      "pmap_jvp_samples": null,
      "pmap_jvp_seconds_median": null,
      "pmap_jvp_speedup_vs_batched": null,
      "pmap_jvp_speedup_vs_serial": null,
      "pmap_jvp_states_per_second": null,
      "residual_batched_serial_max_abs_error": 1.6940658945086007e-21,
      "residual_partition_count": 1,
      "residual_partition_size": 64,
      "residual_speedup_vs_serial": 2.469612453934542,
      "serial_jvp_samples": [
        0.014724957989528775,
        0.014352583035361022,
        0.015009416034445167
      ],
      "serial_jvp_seconds_median": 0.014724957989528775,
      "serial_jvp_states_per_second": 4346.362145515915,
      "serial_residual_samples": [
        0.005075457971543074,
        0.004341083986219019,
        0.00502699997741729
      ],
      "serial_residual_seconds_median": 0.00502699997741729,
      "serial_residual_states_per_second": 12731.251300478645,
      "serial_warmup_seconds": 0.02921220799908042
    }
  ],