{
  "backend": "cpu",
  "batch_results": [
    {
      "batch_size": 1,
      "batch_warmup_seconds": 3.966911915980745,
      "batched_jvp_samples": [
        0.00026508403243497014,
        0.0002050410257652402,
        0.000205625023227185
      ],
      "batched_jvp_seconds_median": 0.000205625023227185,
      "batched_jvp_states_per_second": 4863.221335154083,
      "batched_jvp_warmup_seconds": 2.631567250005901,
      "batched_residual_samples": [
        0.00011841603554785252,
        7.454201113432646e-05,
        7.449998520314693e-05
      ],
      "batched_residual_seconds_median": 7.454201113432646e-05,
      "batched_residual_states_per_second": 13415.253825094369,
      "batched_residual_warmup_seconds": 1.3321801249985583,
      "direction_build_seconds": 0.002320875006262213,
      "jvp_batched_serial_max_abs_error": 0.0,
      "jvp_partition_count": 1,
      "jvp_partition_size": 1,
      "jvp_speedup_vs_serial": 1.1890576120608807,
      "pmap_batch_size": 0,
      "pmap_device_count": 0,
      "pmap_jvp_batched_max_abs_error": null,
      "pmap_jvp_samples": null,
      "pmap_jvp_seconds_median": null,
      "pmap_jvp_speedup_vs_batched": null,
      "pmap_jvp_speedup_vs_serial": null,
      "pmap_jvp_states_per_second": null,
      "residual_batched_serial_max_abs_error": 0.0,
      "residual_partition_count": 1,
      "residual_partition_size": 1,
      "residual_speedup_vs_serial": 1.4080517123710197,
      "serial_jvp_samples": [
        0.00025995797477662563,
        0.00024449999909847975,
        0.0002336659817956388
      ],
      "serial_jvp_seconds_median": 0.00024449999909847975,
      "serial_jvp_states_per_second": 4089.9795651828194,
      "serial_residual_samples": [
        0.00010495900642126799,
        9.137502638623118e-05,
        0.00012212502770125866
      ],
      "serial_residual_seconds_median": 0.00010495900642126799,
      "serial_residual_states_per_second": 9527.529214466427,
      "serial_warmup_seconds": 0.0031645409762859344
    },
    {
      "batch_size": 4,
      "batch_warmup_seconds": 4.06482845795108,
      "batched_jvp_samples": [
        0.0007190420292317867,
        0.0006415420211851597,
        0.0006105000502429903
      ],
      "batched_jvp_seconds_median": 0.0006415420211851597,
      "batched_jvp_states_per_second": 6234.977394949993,
      "batched_jvp_warmup_seconds": 2.6605498749995604,
      "batched_residual_samples": [
        0.00024479097919538617,
        0.00021116697462275624,
        0.00020116701489314437
      ],
      "batched_residual_seconds_median": 0.00021116697462275624,
      "batched_residual_states_per_second": 18942.355958576787,
      "batched_residual_warmup_seconds": 1.3999815409770235,
      "direction_build_seconds": 0.01880974997766316,
      "jvp_batched_serial_max_abs_error": 0.0,
      "jvp_partition_count": 1,
      "jvp_partition_size": 4,
      "jvp_speedup_vs_serial": 1.3698121000129926,
      "pmap_batch_size": 0,
      "pmap_device_count": 0,
      "pmap_jvp_batched_max_abs_error": null,
      "pmap_jvp_samples": null,
      "pmap_jvp_seconds_median": null,
      "pmap_jvp_speedup_vs_batched": null,
      "pmap_jvp_speedup_vs_serial": null,
      "pmap_jvp_states_per_second": null,
      "residual_batched_serial_max_abs_error": 0.0,
      "residual_partition_count": 1,
      "residual_partition_size": 4,
      "residual_speedup_vs_serial": 1.611483036235801,
      "serial_jvp_samples": [
        0.0008629579679109156,
        0.0009908330393955112,
        0.0008787920232862234
      ],
      "serial_jvp_seconds_median": 0.0008787920232862234,
      "serial_jvp_states_per_second": 4551.702671403512,
      "serial_residual_samples": [
        0.0003402919974178076,
        0.0003609159612096846,
        0.0003090829704888165
      ],
      "serial_residual_seconds_median": 0.0003402919974178076,
      "serial_residual_states_per_second": 11754.61083526109,
      "serial_warmup_seconds": 0.004297041974496096
    },
    {
      "batch_size": 16,
      "batch_warmup_seconds": 3.925326041993685,
      "batched_jvp_samples": [
        0.0018701250082813203,
        0.001999999978579581,
        0.001867666025646031
      ],
      "batched_jvp_seconds_median": 0.0018701250082813203,
      "batched_jvp_states_per_second": 8555.57779782021,
      "batched_jvp_warmup_seconds": 2.713830708002206,
      "batched_residual_samples": [
        0.0007359579904004931,
        0.0007093329913914204,
        0.0007118330104276538
      ],
      "batched_residual_seconds_median": 0.0007118330104276538,
      "batched_residual_states_per_second": 22477.18181879139,
      "batched_residual_warmup_seconds": 1.2024648750084452,
      "direction_build_seconds": 0.019192999985534698,
      "jvp_batched_serial_max_abs_error": 0.0,
      "jvp_partition_count": 1,
      "jvp_partition_size": 16,
      "jvp_speedup_vs_serial": 1.8273510907121941,
      "pmap_batch_size": 0,
      "pmap_device_count": 0,
      "pmap_jvp_batched_max_abs_error": null,
      "pmap_jvp_samples": null,
      "pmap_jvp_seconds_median": null,
      "pmap_jvp_speedup_vs_batched": null,
      "pmap_jvp_speedup_vs_serial": null,
      "pmap_jvp_states_per_second": null,
      "residual_batched_serial_max_abs_error": 0.0,
      "residual_partition_count": 1,
      "residual_partition_size": 16,
      "residual_speedup_vs_serial": 1.6330500986246195,
      "serial_jvp_samples": [
        0.0034173749736510217,
        0.003188541973941028,
        0.0038422499783337116
      ],
      "serial_jvp_seconds_median": 0.0034173749736510217,
      "serial_jvp_states_per_second": 4681.956215915656,
      "serial_residual_samples": [
        0.0011587499757297337,
        0.0011624589678831398,
        0.001186500012408942
      ],
      "serial_residual_seconds_median": 0.0011624589678831398,
      "serial_residual_states_per_second": 13763.926677890668,
      "serial_warmup_seconds": 0.009030458983033895
    },
    {
      "batch_size": 64,
      "batch_warmup_seconds": 4.061060626059771,
      "batched_jvp_samples": [
        0.007333208050113171,
        0.007522624975536019,
        0.006984208011999726
      ],
      "batched_jvp_seconds_median": 0.007333208050113171,
      "batched_jvp_states_per_second": 8727.421827205939,
      "batched_jvp_warmup_seconds": 2.8050030840095133,
      "batched_residual_samples": [
        0.002051207993645221,
        0.0018667920376174152,
        0.0017646250198595226
      ],
      "batched_residual_seconds_median": 0.0018667920376174152,
      "batched_residual_states_per_second": 34283.41170861385,
      "batched_residual_warmup_seconds": 1.2269960420089774,
      "direction_build_seconds": 0.019740000017918646,
      "jvp_batched_serial_max_abs_error": 0.0,
      "jvp_partition_count": 1,
      "jvp_partition_size": 64,
      "jvp_speedup_vs_serial": 2.0051422108226746,
      "pmap_batch_size": 0,
      "pmap_device_count": 0,
      "pmap_jvp_batched_max_abs_error": null,
      "pmap_jvp_samples": null,
      "pmap_jvp_seconds_median": null,
      "pmap_jvp_speedup_vs_batched": null,
      "pmap_jvp_speedup_vs_serial": null,
      "pmap_jvp_states_per_second": null,
      "residual_batched_serial_max_abs_error": 1.6940658945086007e-21,
      "residual_partition_count": 1,
      "residual_partition_size": 64,
      "residual_speedup_vs_serial": 2.7240136592148922,
      "serial_jvp_samples": [
        0.014704125002026558,
        0.01488087500911206,
        0.014233249996323138
      ],
      "serial_jvp_seconds_median": 0.014704125002026558,
      "serial_jvp_states_per_second": 4352.520125555201,
      "serial_residual_samples": [
        0.005248625006061047,
        0.004416749987285584,
        0.00508516700938344
      ],
      "serial_residual_seconds_median": 0.00508516700938344,
      "serial_residual_states_per_second": 12585.624008396097,
      "serial_warmup_seconds": 0.029061500041279942
    }
  ],
  "case": "recycling_batched_jvp_profile",