{
  "backend": "cpu",
  "batch_results": [
    {
      "batch_size": 1,
      "batch_warmup_seconds": 3.930844333022833,
      "batched_jvp_samples": [
        0.00026595802046358585,
        0.00025029201060533524,
        0.00020787498215213418
      ],
      "batched_jvp_seconds_median": 0.00025029201060533524,
      "batched_jvp_states_per_second": 3995.3332812401163,
      "batched_jvp_warmup_seconds": 2.592374792031478,
      "batched_residual_samples": [
        0.00013529200805351138,
        7.72910425439477e-05,
        6.816699169576168e-05
      ],
      "batched_residual_seconds_median": 7.72910425439477e-05,
      "batched_residual_states_per_second": 12938.10986481907,
      "batched_residual_warmup_seconds": 1.3354992080130614,
      "direction_build_seconds": 0.002126750012394041,
      "jvp_batched_serial_max_abs_error": 0.0,
      "jvp_speedup_vs_serial": 0.8811386274925674,
      "pmap_batch_size": 0,
      "pmap_device_count": 0,
      "pmap_jvp_batched_max_abs_error": null,
      "pmap_jvp_samples": null,
      "pmap_jvp_seconds_median": null,
      "pmap_jvp_speedup_vs_batched": null,
      "pmap_jvp_speedup_vs_serial": null,
      "pmap_jvp_states_per_second": null,
      "residual_batched_serial_max_abs_error": 0.0,
      "residual_speedup_vs_serial": 1.1768369921301352,
      "serial_jvp_samples": [
        0.00023891701130196452,
        0.00021662499057129025,
        0.00022054195869714022
      ],
      "serial_jvp_seconds_median": 0.00022054195869714022,
      "serial_jvp_states_per_second": 4534.2845683766345,
      "serial_residual_samples": [
        0.00010391697287559509,
        9.095895802602172e-05,
        8.966604946181178e-05
      ],
      "serial_residual_seconds_median": 9.095895802602172e-05,
      "serial_residual_states_per_second": 10993.969386873561,
      "serial_warmup_seconds": 0.0029703329782932997
    },
    {
      "batch_size": 4,
      "batch_warmup_seconds": 4.072652042028494,
      "batched_jvp_samples": [
        0.0007617499795742333,
        0.0007392919505946338,
        0.0006554580177180469
      ],
      "batched_jvp_seconds_median": 0.0007392919505946338,
      "batched_jvp_states_per_second": 5410.582377885604,
      "batched_jvp_warmup_seconds": 2.6648784590070136,
      "batched_residual_samples": [
        0.0002606670022942126,
        0.00021329097216948867,
        0.00020579196279868484
      ],
      "batched_residual_seconds_median": 0.00021329097216948867,
      "batched_residual_states_per_second": 18753.723888610984,
      "batched_residual_warmup_seconds": 1.4035377080435865,
      "direction_build_seconds": 0.018316583009436727,
      "jvp_batched_serial_max_abs_error": 0.0,
      "jvp_speedup_vs_serial": 1.1596109547490938,
      "pmap_batch_size": 0,
      "pmap_device_count": 0,
      "pmap_jvp_batched_max_abs_error": null,
      "pmap_jvp_samples": null,
      "pmap_jvp_seconds_median": null,
      "pmap_jvp_speedup_vs_batched": null,
      "pmap_jvp_speedup_vs_serial": null,
      "pmap_jvp_states_per_second": null,
      "residual_batched_serial_max_abs_error": 0.0,
      "residual_speedup_vs_serial": 1.461032101259964,
      "serial_jvp_samples": [
        0.0008825419936329126,
        0.0008572910446673632,
        0.0008484579739160836
      ],
      "serial_jvp_seconds_median": 0.0008572910446673632,
      "serial_jvp_states_per_second": 4665.860007381783,
      "serial_residual_samples": [
        0.0003231250448152423,
        0.00031162495724856853,
        0.0003075420390814543
      ],
      "serial_residual_seconds_median": 0.00031162495724856853,
      "serial_residual_states_per_second": 12835.942394720936,
      "serial_warmup_seconds": 0.004235874977894127
    },
    {
      "batch_size": 16,
      "batch_warmup_seconds": 3.9335159169859253,
      "batched_jvp_samples": [
        0.0018382910056971014,
        0.002173249959014356,
        0.0019077090546488762
      ],
      "batched_jvp_seconds_median": 0.0019077090546488762,
      "batched_jvp_states_per_second": 8387.023147481408,
      "batched_jvp_warmup_seconds": 2.7166415830142796,
      "batched_residual_samples": [
        0.0007236669771373272,
        0.000692416972015053,
        0.0007272089715115726
      ],
      "batched_residual_seconds_median": 0.0007236669771373272,
      "batched_residual_states_per_second": 22109.61741448062,
      "batched_residual_warmup_seconds": 1.2082159999990836,
      "direction_build_seconds": 0.019681125006172806,
      "jvp_batched_serial_max_abs_error": 0.0,
      "jvp_speedup_vs_serial": 1.720038498584496,
      "pmap_batch_size": 0,
      "pmap_device_count": 0,
      "pmap_jvp_batched_max_abs_error": null,
      "pmap_jvp_samples": null,
      "pmap_jvp_seconds_median": null,
      "pmap_jvp_speedup_vs_batched": null,
      "pmap_jvp_speedup_vs_serial": null,
      "pmap_jvp_states_per_second": null,
      "residual_batched_serial_max_abs_error": 0.0,
      "residual_speedup_vs_serial": 1.6921346657117504,
      "serial_jvp_samples": [
        0.0032813330180943012,
        0.0031886249780654907,
        0.0036148750223219395
      ],
      "serial_jvp_seconds_median": 0.0032813330180943012,
      "serial_jvp_states_per_second": 4876.067108023164,
      "serial_residual_samples": [
        0.0011781250359490514,
        0.001297708018682897,
        0.001224541978444904
      ],
      "serial_residual_seconds_median": 0.001224541978444904,
      "serial_residual_states_per_second": 13066.109844857303,
      "serial_warmup_seconds": 0.008658333972562104
    },
    {
      "batch_size": 64,
      "batch_warmup_seconds": 4.0222008330747485,
      "batched_jvp_samples": [
        0.00697545800358057,
        0.007576291973236948,
        0.006664000044111162
      ],
      "batched_jvp_seconds_median": 0.00697545800358057,
      "batched_jvp_states_per_second": 9175.024775025264,
      "batched_jvp_warmup_seconds": 2.78584712499287,
      "batched_residual_samples": [
        0.0018876660033129156,
        0.002022207947447896,
        0.0020290420507080853
      ],
      "batched_residual_seconds_median": 0.002022207947447896,
      "batched_residual_states_per_second": 31648.57505419779,
      "batched_residual_warmup_seconds": 1.207355542050209,
      "direction_build_seconds": 0.020775958022568375,
      "jvp_batched_serial_max_abs_error": 0.0,
      "jvp_speedup_vs_serial": 2.061859741081286,
      "pmap_batch_size": 0,
      "pmap_device_count": 0,
      "pmap_jvp_batched_max_abs_error": null,
      "pmap_jvp_samples": null,
      "pmap_jvp_seconds_median": null,
      "pmap_jvp_speedup_vs_batched": null,
      "pmap_jvp_speedup_vs_serial": null,
      "pmap_jvp_states_per_second": null,
      "residual_batched_serial_max_abs_error": 1.6940658945086007e-21,
      "residual_speedup_vs_serial": 2.4891520367074684,
      "serial_jvp_samples": [
        0.014382416033186018,
        0.014087375020608306,
        0.014553792017977685
      ],
      "serial_jvp_seconds_median": 0.014382416033186018,
      "serial_jvp_states_per_second": 4449.878229938993,
      "serial_residual_samples": [
        0.005267791973892599,
        0.004548916011117399,
        0.00503358303103596
      ],
      "serial_residual_seconds_median": 0.00503358303103596,
      "serial_residual_states_per_second": 12714.601031787925,
      "serial_warmup_seconds": 0.028998166031669825
    }
  ],
  "case": "recycling_batched_jvp_profile",
  "compilation_cache_dir": null,
  "device_memory_profile_path": null,
  "devices": [
    {
      "id": 0,
      "kind": "cpu",
      "platform": "cpu"
    }
  ],
  "differentiability": {
    "jvp_fd_relative_error": 5.970822088758896e-09,
    "objective_directional_relative_error": 1.3400199333876716e-07,
    "objective_fd_directional_derivative": -7.073761816627443e-08,
    "objective_grad_checked": true,
    "objective_grad_directional_derivative": -7.073762764525627e-08
  },
  "fd_epsilon": 1e-06,
  "feedback_names": [],