{
  "backend": "cpu",
  "batch_results": [
    {
      "batch_size": 1,
      "batch_warmup_seconds": 3.923048458993435,
      "batched_jvp_samples": [
        0.0002755839959718287,
        0.00020870898151770234,
        0.000218583969399333
      ],
      "batched_jvp_seconds_median": 0.000218583969399333,
      "batched_jvp_states_per_second": 4574.900907637427,
      "batched_jvp_warmup_seconds": 2.698867207975127,
      "batched_residual_samples": [
        0.00014145899331197143,
        8.166697807610035e-05,
        8.27909680083394e-05
      ],
      "batched_residual_seconds_median": 8.27909680083394e-05,
      "batched_residual_states_per_second": 12078.612245471892,
      "batched_residual_warmup_seconds": 1.2210166670265608,
      "direction_build_seconds": 0.0002907079760916531,
      "jvp_batched_serial_max_abs_error": 0.0,
      "jvp_partition_count": 1,
      "jvp_partition_size": 1,
      "jvp_speedup_vs_serial": 1.052798965926049,
      "pmap_batch_size": 0,
      "pmap_device_count": 0,
      "pmap_jvp_batched_max_abs_error": null,
      "pmap_jvp_samples": null,
      "pmap_jvp_seconds_median": null,
      "pmap_jvp_speedup_vs_batched": null,
      "pmap_jvp_speedup_vs_serial": null,
      "pmap_jvp_states_per_second": null,
      "residual_batched_serial_max_abs_error": 0.0,
      "residual_partition_count": 1,
      "residual_partition_size": 1,
      "residual_speedup_vs_serial": 1.993466391251587,
      "serial_jvp_samples": [
        0.0002987910411320627,
        0.00023012497695162892,
        0.00019349996000528336
      ],
      "serial_jvp_seconds_median": 0.00023012497695162892,
      "serial_jvp_states_per_second": 4345.46485673389,
      "serial_residual_samples": [
        0.00016504101222380996,
        0.00018316600471735,
        0.0001051669823937118
      ],
      "serial_residual_seconds_median": 0.00016504101222380996,
      "serial_residual_states_per_second": 6059.1000171758105,
      "serial_warmup_seconds": 0.0031645839917473495
    },
    {
      "batch_size": 4,
      "batch_warmup_seconds": 4.215125916001853,
      "batched_jvp_samples": [
        0.0006780420080758631,
        0.0007212079945020378,
        0.0007330410298891366
      ],
      "batched_jvp_seconds_median": 0.0007212079945020378,
      "batched_jvp_states_per_second": 5546.250222533686,
      "batched_jvp_warmup_seconds": 2.763319582969416,
      "batched_residual_samples": [
        0.0002941660350188613,
        0.00022724998416379094,
        0.00020337500609457493
      ],
      "batched_residual_seconds_median": 0.00022724998416379094,
      "batched_residual_states_per_second": 17601.761402619024,
      "batched_residual_warmup_seconds": 1.4473524580243975,
      "direction_build_seconds": 0.01967312500346452,
      "jvp_batched_serial_max_abs_error": 0.0,
      "jvp_partition_count": 1,
      "jvp_partition_size": 4,
      "jvp_speedup_vs_serial": 1.1365764831873169,
      "pmap_batch_size": 0,
      "pmap_device_count": 0,
      "pmap_jvp_batched_max_abs_error": null,
      "pmap_jvp_samples": null,
      "pmap_jvp_seconds_median": null,
      "pmap_jvp_speedup_vs_batched": null,
      "pmap_jvp_speedup_vs_serial": null,
      "pmap_jvp_states_per_second": null,
      "residual_batched_serial_max_abs_error": 0.0,
      "residual_partition_count": 1,
      "residual_partition_size": 4,
      "residual_speedup_vs_serial": 1.3483697371370025,
      "serial_jvp_samples": [
        0.0008621669840067625,
        0.0008197080460377038,
        0.0007791670504957438
      ],
      "serial_jvp_seconds_median": 0.0008197080460377038,
      "serial_jvp_states_per_second": 4879.786186478415,
      "serial_residual_samples": [
        0.00030929100466892123,
        0.0003048749640583992,
        0.0003064170014113188
      ],
      "serial_residual_seconds_median": 0.0003064170014113188,
      "serial_residual_states_per_second": 13054.105945742223,
      "serial_warmup_seconds": 0.0044538750080391765
    },
    {
      "batch_size": 16,
      "batch_warmup_seconds": 4.056551208021119,
      "batched_jvp_samples": [
        0.0020521249971352518,
        0.001952666963916272,
        0.0019494580337777734
      ],
      "batched_jvp_seconds_median": 0.001952666963916272,
      "batched_jvp_states_per_second": 8193.92159321955,
      "batched_jvp_warmup_seconds": 2.8188786249957047,
      "batched_residual_samples": [
        0.000770249986089766,
        0.000707999977748841,
        0.00072900002123788
      ],
      "batched_residual_seconds_median": 0.00072900002123788,
      "batched_residual_states_per_second": 21947.87316032058,
      "batched_residual_warmup_seconds": 1.2287157920072787,
      "direction_build_seconds": 0.02061970898648724,
      "jvp_batched_serial_max_abs_error": 0.0,
      "jvp_partition_count": 1,
      "jvp_partition_size": 16,
      "jvp_speedup_vs_serial": 1.8171941489207106,
      "pmap_batch_size": 0,
      "pmap_device_count": 0,
      "pmap_jvp_batched_max_abs_error": null,
      "pmap_jvp_samples": null,
      "pmap_jvp_seconds_median": null,
      "pmap_jvp_speedup_vs_batched": null,
      "pmap_jvp_speedup_vs_serial": null,
      "pmap_jvp_states_per_second": null,
      "residual_batched_serial_max_abs_error": 0.0,
      "residual_partition_count": 1,
      "residual_partition_size": 16,
      "residual_speedup_vs_serial": 2.083676264808919,
      "serial_jvp_samples": [
        0.0032542499830015004,
        0.0035483749816194177,
        0.003996041021309793
      ],
      "serial_jvp_seconds_median": 0.0035483749816194177,
      "serial_jvp_states_per_second": 4509.106304401311,
      "serial_residual_samples": [
        0.0015843340079300106,
        0.0015190000412985682,
        0.001209666021168232
      ],
      "serial_residual_seconds_median": 0.0015190000412985682,
      "serial_residual_states_per_second": 10533.245269909185,
      "serial_warmup_seconds": 0.008956791018135846
    },
    {
      "batch_size": 64,
      "batch_warmup_seconds": 4.463187876041047,
      "batched_jvp_samples": [
        0.007414874969981611,
        0.0067140000173822045,
        0.007090832979883999
      ],
      "batched_jvp_seconds_median": 0.007090832979883999,
      "batched_jvp_states_per_second": 9025.737904356478,
      "batched_jvp_warmup_seconds": 3.195490084006451,
      "batched_residual_samples": [
        0.0016724579618312418,
        0.002039542014244944,
        0.0020953750354237854
      ],
      "batched_residual_seconds_median": 0.002039542014244944,
      "batched_residual_states_per_second": 31379.59382694715,
      "batched_residual_warmup_seconds": 1.2386172090191394,
      "direction_build_seconds": 0.026685916993301362,
      "jvp_batched_serial_max_abs_error": 0.0,
      "jvp_partition_count": 1,
      "jvp_partition_size": 64,
      "jvp_speedup_vs_serial": 2.017275974421945,
      "pmap_batch_size": 0,
      "pmap_device_count": 0,
      "pmap_jvp_batched_max_abs_error": null,
      "pmap_jvp_samples": null,
      "pmap_jvp_seconds_median": null,
      "pmap_jvp_speedup_vs_batched": null,
      "pmap_jvp_speedup_vs_serial": null,
      "pmap_jvp_states_per_second": null,
      "residual_batched_serial_max_abs_error": 1.6940658945086007e-21,
      "residual_partition_count": 1,
      "residual_partition_size": 64,
      "residual_speedup_vs_serial": 2.5527995681391613,
      "serial_jvp_samples": [
        0.01463766599772498,
        0.014183708990458399,
        0.014304167008958757
      ],
      "serial_jvp_seconds_median": 0.014304167008958757,
      "serial_jvp_states_per_second": 4474.2206910697105,
      "serial_residual_samples": [
        0.005206541973166168,
        0.004410333000123501,
        0.005466874979902059
      ],
      "serial_residual_seconds_median": 0.005206541973166168,
      "serial_residual_states_per_second": 12292.227802992385,
      "serial_warmup_seconds": 0.029080583015456796
    }
  ],
  "case": "recycling_batched_jvp_profile",