{
  "active_shape": [
    12,
    1,
    16
  ],
  "case": "implicit_solver_profile_audit",
  "color_group_count": 144,
  "field_count": 3,
  "jacobian_build_samples": {
    "jvp_batched": [
      0.008389208000153303,
      0.007696750049944967,
      0.007535999990068376
    ],
    "jvp_serial": [
      0.4124784999876283,
      0.3985402079997584,
      0.41908699995838106
    ],
    "planned_parallel": [
      0.010523665987420827,
      0.015485540963709354,
      0.013239625026471913
    ],
    "planned_serial": [
      0.008276500040665269,
      0.00878991704666987,
      0.006283917056862265
    ],
    "unplanned_serial": [
      0.009157708962447941,
      0.011821041000075638,
      0.009075040987227112
    ]
  },
  "jacobian_build_seconds": {
    "jvp_batched_mean": 0.007873986013388882,
    "jvp_serial_mean": 0.4100352359819226,
    "planned_parallel_mean": 0.013082943992534032,
    "planned_serial_mean": 0.007783444714732468,
    "unplanned_serial_mean": 0.010017930316583564
  },
  "max_jacobian_abs_diff": 0.0,
  "max_jvp_batch_abs_diff": 0.0,
  "max_jvp_vs_fd_abs_diff": 1.7947032748821812e-08,
  "newton": {
    "fallback_used": false,
    "jacobian_assembly_seconds": 0.004577916988637298,
    "jacobian_refresh_count": 5,
    "line_search_seconds": 6.766797741875052e-05,
    "linear_iterations": 5,
    "linear_solve_seconds": 0.0003876659320667386,
    "nonlinear_iterations": 5,
    "residual_evaluation_count": 50,
    "residual_evaluation_seconds": 9.004102321341634e-05,
    "residual_inf_norm": 2.220446049250313e-16,
    "solution_max_abs_error": 1.1102230246251565e-16
  },
  "notes": {
    "numerical_role": "This audit verifies that the precomputed color-plan path is algebraically identical to the original sparse finite-difference Jacobian path, records the phase timings needed to interpret heavy recycling implicit solves, and checks the JAX sparse-JVP builder against both its serial batching mode and the finite-difference reference. JAX timings are warmed once before sampling so the plotted samples measure steady execution rather than first-trace overhead.",
    "paper_role": "Use this as the methods/performance support figure for finite-difference versus JAX-linearized Jacobian assembly before showing full Hermes-backed recycling runtime comparisons."
  },
  "plan_build_seconds": 0.0015386660234071314,
  "repeats": 3,
  "sparsity_nnz": 14688,
  "speedups": {
    "jvp_batched_vs_jvp_serial": 52.074671619266404,
    "parallel_vs_planned_serial": 0.5949306760905039,
    "planned_vs_unplanned_serial": 1.2870818363521839
  },
  "state_size": 576
}