{
  "active_shape": [
    12,
    1,
    16
  ],
  "case": "implicit_solver_profile_audit",
  "color_group_count": 144,
  "field_count": 3,
  "jacobian_build_samples": {
    "jvp_batched": [
      0.01063495798734948,
      0.00845925003523007,
      0.00828554097097367
    ],
    "jvp_serial": [
      0.3888527079834603,
      0.415088374982588,
      0.4167378340498544
    ],
    "planned_parallel": [
      0.007993000035639852,
      0.008011708967387676,
      0.00776854099240154
    ],
    "planned_serial": [
      0.005627541977446526,
      0.005568999971728772,
      0.00551133300177753
    ],
    "unplanned_serial": [
      0.008743667043745518,
      0.006861332978587598,
      0.00686220801435411
    ]
  },
  "jacobian_build_seconds": {
    "jvp_batched_mean": 0.009126582997851074,
    "jvp_serial_mean": 0.40689297233863425,
    "planned_parallel_mean": 0.007924416665143022,
    "planned_serial_mean": 0.005569291650317609,
    "unplanned_serial_mean": 0.007489069345562409
  },
  "max_jacobian_abs_diff": 0.0,
  "max_jvp_batch_abs_diff": 0.0,
  "max_jvp_vs_fd_abs_diff": 1.7947032748821812e-08,
  "newton": {
    "fallback_used": false,
    "jacobian_assembly_seconds": 0.003328083024825901,
    "jacobian_mode": "fd",
    "jacobian_refresh_count": 5,
    "line_search_seconds": 5.2833056543022394e-05,
    "linear_iterations": 5,
    "linear_solve_seconds": 0.0009080820018425584,
    "nonlinear_iterations": 5,
    "residual_evaluation_count": 50,
    "residual_evaluation_seconds": 6.858090637251735e-05,
    "residual_inf_norm": 2.220446049250313e-16,
    "solution_max_abs_error": 1.1102230246251565e-16
  },
  "newton_sparse_jvp": {
    "fallback_used": false,
    "jacobian_assembly_seconds": 0.018950877070892602,
    "jacobian_mode": "jvp",
    "jacobian_refresh_count": 5,
    "line_search_seconds": 0.0005215000710450113,
    "linear_iterations": 5,
    "linear_solve_seconds": 0.0002655009739100933,
    "nonlinear_iterations": 5,
    "residual_evaluation_count": 10,
    "residual_evaluation_seconds": 0.006570749857928604,
    "residual_inf_norm": 1.1102230246251565e-16,
    "solution_max_abs_error": 1.1102230246251565e-16
  },
  "notes": {
    "numerical_role": "This audit verifies that the precomputed color-plan path is algebraically identical to the original sparse finite-difference Jacobian path, records the phase timings needed to interpret heavy recycling implicit solves, and checks the JAX sparse-JVP builder against both its serial batching mode and the finite-difference reference. JAX timings are warmed once before sampling so the plotted samples measure steady execution rather than first-trace overhead.",
    "paper_role": "Use this as the methods/performance support figure for finite-difference versus JAX-linearized Jacobian assembly before showing full Hermes-backed recycling runtime comparisons."
  },
  "plan_build_seconds": 0.0015859170234762132,
  "repeats": 3,
  "sparsity_nnz": 14688,
  "speedups": {
    "jvp_batched_vs_jvp_serial": 44.58327639538702,
    "parallel_vs_planned_serial": 0.7028014661085584,
    "planned_vs_unplanned_serial": 1.3447076963791826
  },
  "state_size": 576
}