{
  "field_name": "phi",
  "frame_maxima": [
    0.0,
    1.207375821741727,
    1.2813879320136163
  ],
  "frame_minima": [
    0.0,
    -0.5940970141826866,
    -0.4115616012049004
  ],
  "geometry_shape": {
    "x": 32,
    "y": 48
  },
  "global_max": 1.2813879320136163,
  "global_min": -0.5940970141826866,
  "lcfs_level": 0.0,
  "time_points": [
    0.0,
    0.1,
    0.2
  ]
}