{
  "GBS_Lp_n": 45268.08891172143,
  "GBS_growth_n": -0.1744214361139176,
  "GBS_growth_phi": 93.08194909477142,
  "GBS_rms_n_final": 0.9847390651702881,
  "GBS_rms_phi_final": 7.398979505524039e-05,
  "Hermes_Lp_n": 669599.7031306854,
  "Hermes_growth_n": 0.0002199402242819728,
  "Hermes_growth_phi": 0.0,
  "Hermes_rms_n_final": 0.09566444684368518,
  "Hermes_rms_phi_final": 0.0,
  "jax_drb_Lp_n": 0.17251337189544433,
  "jax_drb_growth_n": -0.06995704079122869,
  "jax_drb_growth_phi": -0.08499967726384336,
  "jax_drb_rms_n_final": 4.2441829939428485e-07,
  "jax_drb_rms_phi_final": 8.991165451942591e-10
}