{
  "GBS_Lp_n": 45268.08891172143,
  "GBS_coh_ky_peak": 0.974191427230835,
  "GBS_flux_mean": 4.982632617611671e-07,
  "GBS_flux_peak_abs": 5.757119652116671e-07,
  "GBS_growth_n": -0.1744214361139176,
  "GBS_growth_phi": 93.08194909477142,
  "GBS_ky_peak_n": 6.283185307179586,
  "GBS_ky_peak_phi": 6.283185307179586,
  "GBS_phase_ky_peak": -0.5903797745704651,
  "GBS_rms_n_final": 0.9847390651702881,
  "GBS_rms_phi_final": 7.398979505524039e-05,
  "GBS_spec_peak_n": 0.000452442531241104,
  "GBS_spec_peak_phi": 1.2069534705005935e-07,
  "Hermes_Lp_n": 669599.7031306854,
  "Hermes_coh_ky_peak": 0.0,
  "Hermes_flux_mean": 0.0,
  "Hermes_flux_peak_abs": 0.0,
  "Hermes_growth_n": 0.0002199402242819728,
  "Hermes_growth_phi": 0.0,
  "Hermes_ky_peak_n": 0.9999999999999999,
  "Hermes_ky_peak_phi": 0.9999999999999999,
  "Hermes_phase_ky_peak": 0.0,
  "Hermes_rms_n_final": 0.09566444684368518,
  "Hermes_rms_phi_final": 0.0,
  "Hermes_spec_peak_n": 0.0,
  "Hermes_spec_peak_phi": 0.0,
  "jax_drb_Lp_n": 0.17251337189544433,
  "jax_drb_coh_ky_peak": 0.04356607952895715,
  "jax_drb_flux_mean": -1.2555350430398283e-21,
  "jax_drb_flux_peak_abs": 6.048174728232003e-21,
  "jax_drb_growth_n": -0.06995704079122869,
  "jax_drb_growth_phi": -0.08499967726384336,
  "jax_drb_ky_peak_n": 6.283185307179586,
  "jax_drb_ky_peak_phi": 6.283185307179586,
  "jax_drb_phase_ky_peak": 3.138707110508337,
  "jax_drb_rms_n_final": 4.2441829939428485e-07,
  "jax_drb_rms_phi_final": 8.991165451942591e-10,
  "jax_drb_spec_peak_n": 1.5841730587503511e-15,
  "jax_drb_spec_peak_phi": 1.2053662697987194e-18
}