{
  "field_names": [
    "Ne",
    "Pe",
    "phi"
  ],
  "time_points": [
    1218.2000201713809,
    1218.3000201715831,
    1218.4000201717854,
    1218.5000201719877,
    1218.60002017219
  ],
  "variable_errors": {
    "Ne": {
      "max_abs_error": 0.021965858188432108,
      "max_abs_error_history": [
        0.021965858188432108,
        0.021965858188432108,
        0.021965858188432108,
        0.021965858188432108,
        0.021965858188432108
      ],
      "name": "Ne",
      "relative_l2_error": 0.007798889837538035,
      "rms_error": 0.012410212914757635,
      "rms_error_history": [
        0.01241076598040068,
        0.012409560046608297,
        0.012409514767294067,
        0.012410287578228128,
        0.012410936130825315
      ]
    },
    "Pe": {
      "max_abs_error": 0.019629057157882546,
      "max_abs_error_history": [
        0.019622291572489292,
        0.019625245599801833,
        0.01962710590437844,
        0.019627956197254992,
        0.019629057157882546
      ],
      "name": "Pe",
      "relative_l2_error": 0.005963710364793763,
      "rms_error": 0.01129803920437181,
      "rms_error_history": [
        0.011297542793213301,
        0.011297682901433497,
        0.011297960111700665,
        0.011298285006310504,
        0.01129872516890217
      ]
    },
    "phi": {
      "max_abs_error": 0.05946944491131401,
      "max_abs_error_history": [
        0.05946944491131401,
        0.05919171799840983,
        0.05849732328647628,
        0.05719712766321772,
        0.056186924806977956
      ],
      "name": "phi",
      "relative_l2_error": 0.015253750002467491,
      "rms_error": 0.025315596578370146,
      "rms_error_history": [
        0.026020771649764143,
        0.02564434494710517,
        0.025239759193833543,
        0.02491575639964813,
        0.024735476636792982
      ]
    }
  }
}