{
  "case": "reduced_non_axisymmetric_stellarator_sol_dynamics",
  "connection_length_weighted_rms": 0.08511226757689107,
  "dominant_poloidal_mode_index": 4,
  "dominant_toroidal_mode_index": 25,
  "energy_final": 0.0073614920775040265,
  "energy_growth_factor": 1.1303971210355295,
  "energy_initial": 0.006512306109520468,
  "energy_peak": 0.0073614920775040265,
  "final_kurtosis": 6.805585599293287,
  "final_rms_fluctuation": 0.08579913797646237,
  "final_skewness": 0.5137739021989104,
  "frame_count": 34,
  "geometry": {
    "elongation": 1.45,
    "field_periods": 5,
    "geometry_family": "analytic_non_axisymmetric_stellarator",
    "iota_axis": 0.38,
    "iota_edge": 0.58,
    "island_amplitude": 0.03,
    "island_mode": 2,
    "major_radius": 3.8,
    "minor_radius": 0.7,
    "mirror_amplitude": 0.16,
    "nx": 30,
    "ny": 30,
    "nz": 56
  },
  "low_mode_spectral_power_fraction": 0.029594806775759416,
  "max_cell_rms_fluctuation": 0.11726722433096877,
  "mean_cell_rms_fluctuation": 0.009992563507335364,
  "passed": true,
  "positive_fluctuation_radial_center": 0.674744487919905,
  "radial_flux_proxy": -0.00012028334783619969,
  "skewness_linf": 2.7609815027229057,
  "time_end": 0.99,
  "time_start": 0.0
}