{
  "backend": "cpu",
  "case": "atomic_rate_throughput_gate",
  "devices": [
    {
      "id": 0,
      "kind": "cpu",
      "platform": "cpu"
    }
  ],
  "interpretation": "This gate measures a batched reaction-source kernel and its reverse-mode derivative. It is the current GPU-throughput evidence for source terms; full recycling implicit output-window GPU speedup is intentionally not claimed by this gate.",
  "results": [
    {
      "grad_samples": [
        5.3875031881034374e-05,
        5.3458032198250294e-05,
        5.7458062656223774e-05,
        6.787502206861973e-05,
        4.695903044193983e-05,
        4.3208012357354164e-05,
        5.370797589421272e-05
      ],
      "grad_seconds_median": 5.370797589421272e-05,
      "point_count": 4096,
      "rate_samples": [
        6.283307448029518e-05,
        4.591699689626694e-05,
        5.77080063521862e-05,
        5.3416937589645386e-05,
        5.0292001105844975e-05,
        3.9874925278127193e-05,
        5.295791197568178e-05
      ],
      "rate_seconds_median": 5.295791197568178e-05
    },
    {
      "grad_samples": [
        0.0003042089520022273,
        0.00029104191344231367,
        0.00028583290986716747,
        0.0002792089944705367,
        0.00027900002896785736,
        0.000285874935798347,
        0.000280250096693635
      ],
      "grad_seconds_median": 0.00028583290986716747,
      "point_count": 65536,
      "rate_samples": [
        0.00027370802126824856,
        0.00027550000231713057,
        0.00023979204706847668,
        0.00023591599892824888,
        0.0002358750207349658,
        0.0002354159951210022,
        0.00023762497585266829
      ],
      "rate_seconds_median": 0.00023762497585266829
    },
    {
      "grad_samples": [
        0.001044000033289194,
        0.0010134580079466105,
        0.0010061250068247318,
        0.0010119579965248704,
        0.0013827909715473652,
        0.001018082955852151,
        0.001000082935206592
      ],
      "grad_seconds_median": 0.0010134580079466105,
      "point_count": 262144,
      "rate_samples": [
        0.0008989170892164111,
        0.0008499159011989832,
        0.0008342500077560544,
        0.0008375829784199595,
        0.0009012080263346434,
        0.0008805419784039259,
        0.0008445410057902336
      ],
      "rate_seconds_median": 0.0008499159011989832
    },
    {
      "grad_samples": [
        0.004021625034511089,
        0.004323457949794829,
        0.004044292028993368,
        0.00401991605758667,
        0.003963708993978798,
        0.003928082995116711,
        0.003964333096519113
      ],
      "grad_seconds_median": 0.00401991605758667,
      "point_count": 1048576,
      "rate_samples": [
        0.003326707985252142,
        0.0032346670050174,
        0.0032868749694898725,
        0.0032057499047368765,
        0.0032572499476373196,
        0.00340195803437382,
        0.0033027500612661242
      ],
      "rate_seconds_median": 0.0032868749694898725
    },
    {
      "grad_samples": [
        0.016828583902679384,
        0.014304500073194504,
        0.015027209068648517,
        0.01547233306337148,
        0.015734959044493735,
        0.015419791918247938,
        0.014457124983891845
      ],
      "grad_seconds_median": 0.015419791918247938,
      "point_count": 4194304,
      "rate_samples": [
        0.012632207944989204,
        0.014099500025622547,
        0.012599957990460098,
        0.01294216699898243,
        0.012702208012342453,
        0.012703332933597267,
        0.012286667013540864
      ],
      "rate_seconds_median": 0.012702208012342453
    }
  ],
  "timed_runs": 7
}
