{
  "backend": "cpu",
  "case": "atomic_rate_throughput_gate",
  "devices": [
    {
      "id": 0,
      "kind": "cpu",
      "platform": "cpu"
    }
  ],
  "differentiability_showcase": {
    "autodiff_sensitivity": 0.03644363482051284,
    "finite_difference_sensitivity": 0.03644363482442625,
    "objective": "mean combined AMJUEL ionisation plus charge-exchange rate under a log-temperature shift",
    "objective_value": 0.12014873248596848,
    "point_count": 65536,
    "sensitivity_relative_error": 1.0738257258275601e-10
  },
  "host_device_count_requested": null,
  "interpretation": "This gate measures a batched reaction-source kernel and its reverse-mode derivative. When --enable-pmap is set and more than one local device is visible, it also measures fixed-work pmap throughput against the single-device kernel. It is the current GPU-throughput evidence for source terms; full recycling implicit output-window GPU speedup is intentionally not claimed by this gate.",
  "pmap_enabled": false,
  "results": [
    {
      "grad_samples": [
        4.8874993808567524e-05,
        5.104194860905409e-05,
        7.120799273252487e-05,
        6.166694220155478e-05,
        4.624994471669197e-05,
        5.2916002459824085e-05,
        5.7541998103260994e-05
      ],
      "grad_seconds_median": 5.2916002459824085e-05,
      "pmap_device_count": 0,
      "pmap_grad_samples": [],
      "pmap_grad_seconds_median": null,
      "pmap_grad_single_max_abs_error": null,
      "pmap_grad_speedup_vs_single": null,
      "pmap_parity_passed": null,
      "pmap_rate_samples": [],
      "pmap_rate_seconds_median": null,
      "pmap_rate_single_max_abs_error": null,
      "pmap_rate_speedup_vs_single": null,
      "point_count": 4096,
      "rate_samples": [
        6.77499920129776e-05,
        5.4958974942564964e-05,
        4.479195922613144e-05,
        5.4582953453063965e-05,
        5.2916002459824085e-05,
        6.737501826137304e-05,
        4.26670303568244e-05
      ],
      "rate_seconds_median": 5.4582953453063965e-05
    },
    {
      "grad_samples": [
        0.0003071669489145279,
        0.0003113750135526061,
        0.00031812500674277544,
        0.000291000003926456,
        0.00030645797960460186,
        0.0002948329783976078,
        0.00028683291748166084
      ],
      "grad_seconds_median": 0.00030645797960460186,
      "pmap_device_count": 0,
      "pmap_grad_samples": [],
      "pmap_grad_seconds_median": null,
      "pmap_grad_single_max_abs_error": null,
      "pmap_grad_speedup_vs_single": null,
      "pmap_parity_passed": null,
      "pmap_rate_samples": [],
      "pmap_rate_seconds_median": null,
      "pmap_rate_single_max_abs_error": null,
      "pmap_rate_speedup_vs_single": null,
      "point_count": 65536,
      "rate_samples": [
        0.00027395901270210743,
        0.0002501249546185136,
        0.0002556249964982271,
        0.00024812493938952684,
        0.000269667012616992,
        0.0002593329409137368,
        0.00025020900648087263
      ],
      "rate_seconds_median": 0.0002556249964982271
    },
    {
      "grad_samples": [
        0.0010256669484078884,
        0.0011749579571187496,
        0.001232124981470406,
        0.0011443750699982047,
        0.00114633294288069,
        0.0009970410028472543,
        0.001023750053718686
      ],
      "grad_seconds_median": 0.0011443750699982047,
      "pmap_device_count": 0,
      "pmap_grad_samples": [],
      "pmap_grad_seconds_median": null,
      "pmap_grad_single_max_abs_error": null,
      "pmap_grad_speedup_vs_single": null,
      "pmap_parity_passed": null,
      "pmap_rate_samples": [],
      "pmap_rate_seconds_median": null,
      "pmap_rate_single_max_abs_error": null,
      "pmap_rate_speedup_vs_single": null,
      "point_count": 262144,
      "rate_samples": [
        0.000864707981236279,
        0.0009764579590409994,
        0.0009388329926878214,
        0.0009749589953571558,
        0.0009737499058246613,
        0.0009177080355584621,
        0.0008604169124737382
      ],
      "rate_seconds_median": 0.0009388329926878214
    },
    {
      "grad_samples": [
        0.00460962497163564,
        0.00452887499704957,
        0.004642750020138919,
        0.004830874968320131,
        0.004975000047124922,
        0.004371459013782442,
        0.004548624972812831
      ],
      "grad_seconds_median": 0.00460962497163564,
      "pmap_device_count": 0,
      "pmap_grad_samples": [],
      "pmap_grad_seconds_median": null,
      "pmap_grad_single_max_abs_error": null,
      "pmap_grad_speedup_vs_single": null,
      "pmap_parity_passed": null,
      "pmap_rate_samples": [],
      "pmap_rate_seconds_median": null,
      "pmap_rate_single_max_abs_error": null,
      "pmap_rate_speedup_vs_single": null,
      "point_count": 1048576,
      "rate_samples": [
        0.00331004208419472,
        0.003309332998469472,
        0.0035686249611899257,
        0.003645541029982269,
        0.0037983329966664314,
        0.0035250000655651093,
        0.003428791998885572
      ],
      "rate_seconds_median": 0.0035250000655651093
    },
    {
      "grad_samples": [
        0.02041279198601842,
        0.015490165911614895,
        0.016164000029675663,
        0.016096624894998968,
        0.015819665975868702,
        0.01539645902812481,
        0.01592320902273059
      ],
      "grad_seconds_median": 0.01592320902273059,
      "pmap_device_count": 0,
      "pmap_grad_samples": [],
      "pmap_grad_seconds_median": null,
      "pmap_grad_single_max_abs_error": null,
      "pmap_grad_speedup_vs_single": null,
      "pmap_parity_passed": null,
      "pmap_rate_samples": [],
      "pmap_rate_seconds_median": null,
      "pmap_rate_single_max_abs_error": null,
      "pmap_rate_speedup_vs_single": null,
      "point_count": 4194304,
      "rate_samples": [
        0.014385457965545356,
        0.012146916007623076,
        0.01324320794083178,
        0.01364549994468689,
        0.014063665992580354,
        0.012005707947537303,
        0.012868457939475775
      ],
      "rate_seconds_median": 0.01324320794083178
    }
  ],
  "timed_runs": 7
}
