{
  "coils_json": "/Users/rogerio/local/ESSOS/examples/input_files/ESSOS_biot_savart_LandremanPaulQA.json",
  "out_figure": "docs/assets/images/fci_drb3d_full_essos_biotsavart.png",
  "R_axis_est": 1.45,
  "Z_axis_est": 0.004430379746835411,
  "R_patch_min": 1.53,
  "R_patch_max": 1.71,
  "Z_patch_min": -0.1355696202531646,
  "Z_patch_max": 0.14443037974683542,
  "builder": "essos_toroidal_planes",
  "R_min": 1.53,
  "R_max": 1.71,
  "Z_min": -0.1355696202531646,
  "Z_max": 0.14443037974683542,
  "n_hit_fwd": 327.0,
  "n_hit_bwd": 335.0,
  "nphi": 10.0,
  "nR": 12.0,
  "nZ": 12.0,
  "dl_min": 0.05,
  "final_rel_energy_drift": 0.00048099992327494686,
  "final_n_rms": 0.0020775207568785163,
  "median_parallel_particle_rate": -0.00010460164599011989,
  "median_sheath_particle_rate": 6.895046692890888e-07
}