field,hermes_end,jax_end,rel_end_error
n,0.007583368581757133,0.0027897803953494233,-0.6321185808253138
Te,0.0015389476719902882,0.001670833983933392,0.0856990229478297
omega,0.006165918221895341,0.0010978749425924498,-0.8219446149130212
phi,0.45881885515790294,0.4927689325730599,0.07399451228611571
