field,hermes_start,hermes_end,jax_start,jax_end,rel_end,slope_hermes,slope_jax
rms_n_fluct,0.0,0.007583368581757133,0.0,2.950998157339882,388.1408053211056,0.015166737163514266,5.901996314679764
rms_Te_fluct,0.0,0.0015389476719902882,0.0,1.0030152871331264,650.7539905597922,0.0030778953439805764,2.0060305742662528
rms_omega_fluct,0.0,0.006165918221895341,0.0,0.7902179307122801,127.1590027871333,0.012331836443790682,1.5804358614245602
rms_phi_fluct,0.0,0.4588188551579029,0.0,0.013690351091423993,-0.9701617513349957,0.9176377103158058,0.027380702182847987
