field,hermes_end,jax_end,rel_end_error
n,0.007583368581757133,0.0013487151100771456,-0.8221482845837377
Te,0.0015389476719902882,0.0010030962559251383,-0.348193395701331
omega,0.006165918221895341,0.0006626776632327689,-0.8925257130767469
phi,0.45881885515790294,0.23178100347282027,-0.49483112808529317
