field,hermes_end,jax_end,rel_end_error
n,0.007583368581757133,2.9509981573398822,388.14080532110563
Te,0.0015389476719902882,1.0030152871331264,650.7539905597922
omega,0.006165918221895341,0.7902179307122796,127.15900278713323
phi,0.45881885515790294,0.013690351091423998,-0.9701617513349956
