field,hermes_end,jax_end,rel_end_error
n,0.002265439165948536,0.016386125125046648,6.233089886107233
Te,0.0005063894475283977,0.030647972369500225,59.52253351558829
omega,0.0019724953029170507,0.016345149998422973,7.286534303510988
phi,0.3772645549270877,6.440641816571496e-07,-0.9999982928022969
