field,hermes_start,hermes_end,jax_start,jax_end,rel_end,slope_hermes,slope_jax
rms_n_fluct,0.0,0.012023516464462144,0.0,2.946887242811338,244.0936255859379,0.012023516464462146,2.9468872428113384
rms_Te_fluct,0.0,0.0024501301818289213,0.0,0.9981485200570509,406.3859124112288,0.0024501301818289217,0.998148520057051
rms_omega_fluct,0.0,0.009281428244535777,0.0,0.7780610972480082,82.82988874834469,0.009281428244535778,0.7780610972480083
rms_phi_fluct,0.0,0.7688796519909176,0.0,0.011769368802231625,-0.9846928335627806,0.7688796519909177,0.011769368802231627
