field,hermes_start,hermes_end,jax_start,jax_end,rel_end,slope_hermes,slope_jax
rms_n_fluct,0.0,0.012023516464462144,0.0,0.0033965816955054953,-0.7175051320250392,0.012023516464462146,0.0033965816955054957
rms_Te_fluct,0.0,0.0024501301818289213,0.0,0.0026920561348377603,0.09874004030655677,0.0024501301818289217,0.0026920561348377607
rms_omega_fluct,0.0,0.009281428244535777,0.0,0.001179266934940113,-0.8729433763055462,0.009281428244535778,0.0011792669349401132
rms_phi_fluct,0.0,0.7688796519909176,0.0,0.6567008321152318,-0.14589906181684856,0.7688796519909177,0.6567008321152319
