{
  "active_y_indices": [
    2,
    3,
    4,
    5,
    6,
    7,
    8,
    9,
    10,
    11
  ],
  "case_name": "neutral_mixed_one_step",
  "field": "NVh",
  "final_momentum_error": {
    "lineout": [
      -0.0033738643739501866,
      -0.0026480827145268318,
      -0.0017298784221189275,
      -0.000860136760757428,
      -0.00024802307060576613,
      0.0002480230540240625,
      0.0008601367674077266,
      0.0017298784328806146,
      0.0026480827378947648,
      0.003373864390831078
    ],
    "max_abs": 0.003373864390831078,
    "rms": 0.001860502508500537
  },
  "hermes_diagnostic_outputs": {
    "field_metrics": {
      "SNVh": {
        "max_abs": 0.0,
        "rms": 0.0
      },
      "SNVh_pressure_gradient": {
        "max_abs": 1444.9695328628068,
        "rms": 913.8789746796006
      },
      "ddt(NVh)": {
        "max_abs": 1383.4678093609364,
        "rms": 874.9818694208362
      },
      "mfh_adv_perp_xlow": {
        "max_abs": 2.6633472335529565e-10,
        "rms": 3.491258802395105e-11
      },
      "mfh_adv_perp_ylow": {
        "max_abs": 0.0,
        "rms": 0.0
      },
      "mfh_visc_par_ylow": {
        "max_abs": 0.0024683728773068434,
        "rms": 0.001360634078567657
      },
      "mfh_visc_perp_xlow": {
        "max_abs": 1.050714305551715e-09,
        "rms": 1.7908974943217147e-10
      },
      "mfh_visc_perp_ylow": {
        "max_abs": 0.0,
        "rms": 0.0
      }
    },
    "interpretation": {
      "direct_hermes_outputs": "Herm\u00e8s writes ddt(NVh), external/source terms, and selected momentum-source and momentum-flow diagnostics when neutral_mixed output_ddt=true and diagnose=true. A local Herm\u00e8s diagnostic patch can also write SNVh_pressure_gradient for direct -Grad_par(Pn) parity.",
      "pressure_gradient_limitation": "The neutral pressure-gradient source appears in Herm\u00e8s as -Grad_par(Pn) inside neutral_mixed.cxx. Stock Herm\u00e8s output does not write that term as a named diagnostic, so this report always carries a matched postprocessed reconstruction when reference arrays are available. When the local Herm\u00e8s diagnostic patch is present, SNVh_pressure_gradient provides the direct written-variable comparison."
    },
    "lineouts": {
      "SNVh": [
        0.0,
        0.0,
        0.0,
        0.0,
        0.0,
        0.0,
        0.0,
        0.0,
        0.0,
        0.0
      ],
      "SNVh_pressure_gradient": [
        -0.0004153951261543183,
        -0.0012639448233237283,
        -0.0016646940628097448,
        -0.001198486973671311,
        -0.00038234501787726523,
        0.000382343060171574,
        0.0011984893242187387,
        0.0016646936191387206,
        0.0012639448826225895,
        0.00041539511768474486
      ],
      "ddt(NVh)": [
        2.1478624302930112e-05,
        6.786680183372266e-05,
        9.374219321845096e-05,
        6.3751365195023e-05,
        1.9960459347484114e-05,
        -1.996219639516071e-05,
        -6.375015899602273e-05,
        -9.37422715895466e-05,
        -6.786658626710884e-05,
        -2.1478679457531105e-05
      ],
      "mfh_adv_perp_xlow": [
        -3.647604706025006e-12,
        -1.7934166099664708e-11,
        1.4292495295073615e-11,
        1.3856338756833635e-11,
        -3.834948762396341e-11,
        -1.2548666073482154e-10,
        4.4212961897451084e-11,
        -2.2810705150045506e-11,
        1.878412504218561e-11,
        3.7976960001125705e-12
      ],
      "mfh_adv_perp_ylow": [
        0.0,
        -0.0,
        0.0,
        0.0,
        -0.0,
        0.0,
        -0.0,
        0.0,
        -0.0,
        0.0
      ],
      "mfh_visc_par_ylow": [
        0.002402307391474557,
        0.001973908231351539,
        0.0007223335648833536,
        -0.0008791683004918953,
        -0.0020748194983351365,
        -0.002468235524616447,
        -0.002074820462833769,
        -0.0008791678367421169,
        0.0007223336299847732,
        0.001973908198730014
      ],
      "mfh_visc_perp_xlow": [
        7.868836847886258e-11,
        2.0874168380167245e-10,
        1.0597499116409017e-10,
        3.1564984225467944e-10,
        -1.578456785851169e-11,
        -1.283010459237877e-10,
        -2.412056194381707e-10,
        -1.1675064404393138e-10,
        -2.0352642342145804e-10,
        -9.359377740029503e-11
      ],
      "mfh_visc_perp_ylow": [
        -0.0,
        0.0,
        0.0,
        0.0,
        0.0,
        -0.0,
        -0.0,
        -0.0,
        -0.0,
        -0.0
      ]
    },
    "matched_reconstructions": {
      "pressure_gradient": {
        "field_metrics": {
          "max_abs": 0.0016647647470079793,
          "rms": 0.0008572498977170969
        },
        "lineout": [
          -0.0004153951238204131,
          -0.0012639448233237283,
          -0.0016646940628097448,
          -0.001198486973671311,
          -0.00038234501787726523,
          0.000382343060171574,
          0.0011984893242187387,
          0.0016646936191387204,
          0.0012639448826225895,
          0.00041539512001865006
        ],
        "parity_scope": "This isolates the same mathematical source term on the Herm\u00e8s final state. It is not a direct Herm\u00e8s variable because stock Herm\u00e8s diagnostics do not write the pressure-gradient momentum source as a separate field.",
        "source": "matched postprocessed reconstruction of Herm\u00e8s final Ph through native -Grad_par(Pn) term"
      }
    },
    "source_nc": "BOUT.dmp.0.nc",
    "variables_missing": [],
    "variables_present": [
      "ddt(NVh)",
      "SNVh",
      "SNVh_pressure_gradient",
      "mfh_visc_par_ylow",
      "mfh_visc_perp_xlow",
      "mfh_visc_perp_ylow",
      "mfh_adv_perp_xlow",
      "mfh_adv_perp_ylow"
    ]
  },
  "input_path": "<reference-root>/tests/integrated/neutral_mixed/data/BOUT.inp",
  "interpretation": {
    "balance_form": "backward_euler_rate_residual = (NVh_final - NVh_initial) / dt - native_rhs_terms(NVh_final)",
    "diagnostic_role": "The Herm\u00e8s final state is inserted into the native neutral momentum operator. A nonzero residual localizes the one-step mismatch to the terms that cannot balance the Herm\u00e8s update under the current native closure and boundary rules.",
    "next_action": "compare the largest residual-rate lineout terms against Herm\u00e8s operator diagnostics or add a targeted boundary/closure unit test."
  },
  "lineout_x_index": 4,
  "lineout_z_index": 5,
  "native_balance": {
    "lineouts": {
      "parallel_inertia": [
        -1.649470831504825e-05,
        1.0506069184351252e-05,
        3.3677891913644906e-05,
        -2.361377847352362e-05,
        -1.9754554182953726e-05,
        1.975455356280955e-05,
        2.361377951177416e-05,
        -3.367789231873894e-05,
        -1.0506069274744548e-05,
        1.649470839242917e-05
      ],
      "parallel_viscosity": [
        0.00019990268927799157,
        0.0010737950711279982,
        0.0015751624230452084,
        0.0012706405228781101,
        0.0004320708133456171,
        -0.0004320708036686313,
        -0.0012706405219549853,
        -0.00157516242786897,
        -0.0010737950745726987,
        -0.00019990269160964012
      ],
      "perpendicular_diffusion": [
        2.7482860052957975e-05,
        2.811693010842903e-05,
        2.4057039240630205e-05,
        1.4852113713297057e-05,
        5.107039886656298e-06,
        -5.1070399401274785e-06,
        -1.4852113715385045e-05,
        -2.405703925737984e-05,
        -2.8116930153697856e-05,
        -2.7482860145469934e-05
      ],
      "perpendicular_viscosity": [
        5.675105633842314e-05,
        2.152087336505592e-05,
        -5.577231938765995e-05,
        -0.00010392998526449488,
        -6.42291234463392e-05,
        6.422912279820049e-05,
        0.00010392998520761875,
        5.5772319700771614e-05,
        -2.1520873170713174e-05,
        -5.675105604633091e-05
      ],