{
  "field_names": [
    "g11",
    "g33"
  ],
  "variable_errors": {
    "g11": {
      "max_abs_error": 0.25,
      "name": "g11",
      "relative_l2_error": 0.016583953170166487,
      "rms_error": 0.25
    },
    "g33": {
      "max_abs_error": 0.25,
      "name": "g33",
      "relative_l2_error": 0.015647938598110145,
      "rms_error": 0.25
    }
  }
}