{
  "comparison_profiles": {
    "g11": {
      "native_radial_profile": [
        3.5156267397144494,
        3.515626739714464,
        3.51562673971447,
        3.515626739714466
      ],
      "reference_radial_profile": [
        3.6024305555555536,
        3.6024305555555527,
        3.6024305555555562,
        3.6024305555555625
      ]
    },
    "g33": {
      "native_radial_profile": [
        2.7682890417696426,
        0.5084612525699337,
        0.20590579649526247,
        0.11073156167078561
      ],
      "reference_radial_profile": [
        2.487521701388892,
        0.4568917410714283,
        0.1850222753099172,
        0.09950086805555546
      ]
    }
  },
  "field_names": [
    "g11",
    "g33"
  ]
}