{
  "available": true,
  "diagnostics": {
    "poloidal_cut": {
      "Bxy": {
        "coordinate_name": "theta_index",
        "coordinate_values": [
          0.0,
          0.3333333333333333,
          0.6666666666666666,
          1.0
        ],
        "maximum": 1.0,
        "mean": [
          1.0,
          1.0,
          1.0,
          1.0
        ],
        "minimum": 1.0
      },
      "J": {
        "coordinate_name": "theta_index",
        "coordinate_values": [
          0.0,
          0.3333333333333333,
          0.6666666666666666,
          1.0
        ],
        "maximum": 2.8507654320987683,
        "mean": [
          2.8507654320987683,
          1.173333333333334,
          0.6605432098765427,
          1.1733333333333331
        ],
        "minimum": 0.6605432098765427
      },
      "dx": {
        "coordinate_name": "theta_index",
        "coordinate_values": [
          0.0,
          0.3333333333333333,
          0.6666666666666666,
          1.0
        ],
        "maximum": 0.25,
        "mean": [
          0.25,
          0.25,
          0.25,
          0.25
        ],
        "minimum": 0.25
      },
      "dy": {
        "coordinate_name": "theta_index",
        "coordinate_values": [
          0.0,
          0.3333333333333333,
          0.6666666666666666,
          1.0
        ],
        "maximum": 0.6283185307179586,
        "mean": [
          0.6283185307179586,
          0.6283185307179586,
          0.6283185307179586,
          0.6283185307179586
        ],
        "minimum": 0.6283185307179586
      },
      "dz": {
        "coordinate_name": "theta_index",
        "coordinate_values": [
          0.0,
          0.3333333333333333,
          0.6666666666666666,
          1.0
        ],
        "maximum": 0.25,
        "mean": [
          0.25,
          0.25,
          0.25,
          0.25
        ],
        "minimum": 0.25
      },
      "g11": {
        "coordinate_name": "theta_index",
        "coordinate_values": [
          0.0,
          0.3333333333333333,
          0.6666666666666666,
          1.0
        ],
        "maximum": 3.6892361111111134,
        "mean": [
          3.5156249999999947,
          3.6892361111111107,
          3.515625000000006,
          3.6892361111111134
        ],
        "minimum": 3.5156249999999947
      },
      "g22": {
        "coordinate_name": "theta_index",
        "coordinate_values": [
          0.0,
          0.3333333333333333,
          0.6666666666666666,
          1.0
        ],
        "maximum": 1.0,
        "mean": [
          1.0,
          1.0,
          1.0,
          1.0
        ],
        "minimum": 1.0
      },
      "g33": {
        "coordinate_name": "theta_index",
        "coordinate_values": [
          0.0,
          0.3333333333333333,
          0.6666666666666666,
          1.0
        ],
        "maximum": 0.2614927685950412,
        "mean": [
          0.0653731921487603,
          0.2066115702479335,
          0.2614927685950412,
          0.20661157024793378
        ],
        "minimum": 0.0653731921487603
      },
      "g_11": {
        "coordinate_name": "theta_index",
        "coordinate_values": [
          0.0,
          0.3333333333333333,
          0.6666666666666666,
          1.0
        ],
        "maximum": 0.2844444444444449,
        "mean": [
          0.2844444444444449,
          0.28444444444444433,
          0.28444444444444394,
          0.28444444444444433
        ],
        "minimum": 0.28444444444444394
      },
      "g_22": {
        "coordinate_name": "theta_index",
        "coordinate_values": [
          0.0,
          0.3333333333333333,
          0.6666666666666666,
          1.0
        ],
        "maximum": 1.0,
        "mean": [
          1.0,
          1.0,
          1.0,
          1.0
        ],
        "minimum": 1.0
      },
      "g_33": {
        "coordinate_name": "theta_index",
        "coordinate_values": [
          0.0,
          0.3333333333333333,
          0.6666666666666666,
          1.0
        ],
        "maximum": 15.296790123456796,
        "mean": [
          15.296790123456796,
          5.079012345679019,
          3.824197530864199,
          5.079012345679017
        ],
        "minimum": 3.824197530864199
      }
    },
    "radial_midplane": {
      "Bxy": {
        "coordinate_name": "s",
        "coordinate_values": [
          0.0,
          0.3333333333333333,
          0.6666666666666666,
          1.0
        ],
        "maximum": 1.0,
        "mean": [
          1.0,
          1.0,
          1.0,
          1.0
        ],
        "minimum": 1.0
      },
      "J": {
        "coordinate_name": "s",
        "coordinate_values": [
          0.0,
          0.3333333333333333,
          0.6666666666666666,
          1.0
        ],
        "maximum": 0.7111111111111136,
        "mean": [
          0.25599999999999956,
          0.5088395061728382,
          0.6605432098765427,
          0.7111111111111136
        ],
        "minimum": 0.25599999999999956
      },
      "dx": {
        "coordinate_name": "s",
        "coordinate_values": [
          0.0,
          0.3333333333333333,
          0.6666666666666666,
          1.0
        ],
        "maximum": 0.25,
        "mean": [
          0.25,
          0.25,
          0.25,
          0.25
        ],
        "minimum": 0.25
      },
      "dy": {
        "coordinate_name": "s",
        "coordinate_values": [
          0.0,
          0.3333333333333333,
          0.6666666666666666,
          1.0
        ],
        "maximum": 0.6283185307179586,
        "mean": [
          0.6283185307179586,
          0.6283185307179586,
          0.6283185307179586,
          0.6283185307179586
        ],
        "minimum": 0.6283185307179586
      },
      "dz": {
        "coordinate_name": "s",
        "coordinate_values": [
          0.0,
          0.3333333333333333,
          0.6666666666666666,
          1.0
        ],
        "maximum": 0.25,
        "mean": [
          0.25,
          0.25,
          0.25,
          0.25
        ],
        "minimum": 0.25
      },
      "g11": {
        "coordinate_name": "s",
        "coordinate_values": [
          0.0,
          0.3333333333333333,
          0.6666666666666666,
          1.0
        ],
        "maximum": 3.5156250000000164,
        "mean": [
          3.515625000000006,
          3.5156250000000164,
          3.515625000000006,
          3.515624999999974
        ],
        "minimum": 3.515624999999974
      },
      "g22": {
        "coordinate_name": "s",
        "coordinate_values": [
          0.0,
          0.3333333333333333,
          0.6666666666666666,
          1.0
        ],
        "maximum": 1.0,
        "mean": [
          1.0,
          1.0,
          1.0,
          1.0
        ],
        "minimum": 1.0
      },
      "g33": {
        "coordinate_name": "s",
        "coordinate_values": [
          0.0,
          0.3333333333333333,
          0.6666666666666666,
          1.0
        ],
        "maximum": 3.515625000000006,
        "mean": [
          3.515625000000006,
          0.6457270408163265,
          0.2614927685950412,
          0.14062500000000006
        ],
        "minimum": 0.14062500000000006
      },
      "g_11": {
        "coordinate_name": "s",
        "coordinate_values": [
          0.0,
          0.3333333333333333,
          0.6666666666666666,
          1.0
        ],
        "maximum": 0.28444444444444655,
        "mean": [
          0.28444444444444394,
          0.2844444444444431,
          0.28444444444444394,
          0.28444444444444655
        ],
        "minimum": 0.2844444444444431
      },
      "g_22": {
        "coordinate_name": "s",
        "coordinate_values": [
          0.0,
          0.3333333333333333,
          0.6666666666666666,
          1.0
        ],
        "maximum": 1.0,
        "mean": [
          1.0,
          1.0,
          1.0,
          1.0
        ],
        "minimum": 1.0
      },