{
  "case": "stellarator_fci_multi_configuration_suite",
  "configuration_labels": [
    "baseline island SOL",
    "strong island map",
    "high mirror shear"
  ],
  "configurations": [
    {
      "case": "non_axisymmetric_fci_geometry",
      "connection_length": {
        "maximum": 37.37225913585505,
        "mean": 23.998670161165922,
        "minimum": 0.8581120462959088,
        "outer_midplane_mean": 8.256245642900796,
        "std": 8.916883060850646
      },
      "curvature": {
        "maximum": 0.35526315789473684,
        "mean": 7.451050358719428e-18,
        "minimum": -0.35526315789473684,
        "std": 0.14638484869612292
      },
      "geometry": {
        "elongation": 1.45,
        "field_periods": 5,
        "geometry_family": "analytic_non_axisymmetric_stellarator",
        "iota_axis": 0.38,
        "iota_edge": 0.58,
        "island_amplitude": 0.03,
        "island_mode": 2,
        "major_radius": 3.8,
        "minor_radius": 0.7,
        "mirror_amplitude": 0.16,
        "nx": 30,
        "ny": 28,
        "nz": 56
      },
      "magnetic_field": {
        "maximum": 1.2409999999999999,
        "minimum": 0.7911999999999999,
        "mirror_ratio": 0.4498
      },
      "map_diagnostics": {
        "backward_boundary_fraction": 0.03212159863945578,
        "forward_boundary_fraction": 0.031909013605442176,
        "poloidal_shift_mean_cells": 0.9223002609245229,
        "poloidal_shift_std_cells": 0.1304949436048747,
        "radial_shift_linf_cells": 0.1950193096918582
      },
      "metric": {
        "fields": {
          "Bxy": {
            "finite": true,
            "maximum": 1.2409999999999999,
            "mean": 1.0,
            "minimum": 0.7911999999999999,
            "std": 0.11738297620800163
          },
          "J": {
            "finite": true,
            "maximum": 4.022934038060798,
            "mean": 1.457590418871733,
            "minimum": 0.17940899282692555,
            "std": 0.7889833290256762
          },
          "g11": {
            "finite": true,
            "maximum": 2.962427585597167,
            "mean": 1.5213421113450416,
            "minimum": 0.8323762078348613,
            "std": 0.4552197867579716
          },
          "g12": {
            "finite": true,
            "maximum": 0.07039620355442373,
            "mean": 0.00035756315226772033,
            "minimum": -0.07186809623129918,
            "std": 0.013416039360024353
          },
          "g13": {
            "finite": true,
            "maximum": 9.576171917419757,
            "mean": -0.0017045564949044868,
            "minimum": -9.450271384687174,
            "std": 1.54652813941324
          },
          "g22": {
            "finite": true,
            "maximum": 0.110782635159362,
            "mean": 0.07148776763223726,
            "minimum": 0.044869686397086,
            "std": 0.011398318298583066
          },
          "g23": {
            "finite": true,
            "maximum": 0.26318591800792646,
            "mean": 0.0017028071265434439,
            "minimum": -0.17056997364096846,
            "std": 0.08078573101535554
          },
          "g33": {
            "finite": true,
            "maximum": 393.11420198893666,
            "mean": 23.116590193367013,
            "minimum": 0.8423086984485861,
            "std": 49.9165221596313
          },
          "g_11": {
            "finite": true,
            "maximum": 1.2014201224842347,
            "mean": 0.7669077002727889,
            "minimum": 0.3375610000000201,
            "std": 0.20831924335392124
          },
          "g_12": {
            "finite": true,
            "maximum": 0.5957418937390493,
            "mean": -0.004958750235889112,
            "minimum": -0.8004810602050703,
            "std": 0.17577063866747025
          },
          "g_13": {
            "finite": true,
            "maximum": 0.31787673425532514,
            "mean": -6.856993562881527e-06,
            "minimum": -0.365952742143126,
            "std": 0.11628297104672601
          },
          "g_22": {
            "finite": true,
            "maximum": 28.706413095369783,
            "mean": 14.712489404902565,
            "minimum": 9.55876701117703,
            "std": 2.3349774131566123
          },
          "g_23": {
            "finite": true,
            "maximum": 1.4989681642086568,
            "mean": -0.03309903398473476,
            "minimum": -2.7578418493861214,
            "std": 0.4256693156290986
          },
          "g_33": {
            "finite": true,
            "maximum": 1.1970085707301472,
            "mean": 0.28012906854942793,
            "minimum": 0.0025448865857640936,
            "std": 0.25413568806554415
          }
        },
        "inverse_residual_linf": 1.0733098659873353e-14,
        "passed": true,
        "shape": [
          30,
          28,
          56
        ]
      },
      "passed": true,
      "rotational_transform": {
        "axis_proxy": 0.38273075648412563,
        "edge_proxy": 0.5800000000000001
      }
    },
    {
      "case": "non_axisymmetric_fci_geometry",
      "connection_length": {
        "maximum": 37.33066779966557,
        "mean": 24.716209438922416,
        "minimum": 0.8571570591629099,
        "outer_midplane_mean": 8.590399283393275,
        "std": 9.182693516806413
      },
      "curvature": {
        "maximum": 0.35526315789473684,
        "mean": 7.451050358719428e-18,
        "minimum": -0.35526315789473684,
        "std": 0.14638484869612292
      },
      "geometry": {
        "elongation": 1.35,
        "field_periods": 5,
        "geometry_family": "analytic_non_axisymmetric_stellarator",
        "iota_axis": 0.34,
        "iota_edge": 0.64,
        "island_amplitude": 0.055,
        "island_mode": 2,
        "major_radius": 3.8,
        "minor_radius": 0.7,
        "mirror_amplitude": 0.18,
        "nx": 30,
        "ny": 28,
        "nz": 56
      },
      "magnetic_field": {
        "maximum": 1.261,
        "minimum": 0.7712,
        "mirror_ratio": 0.4897999999999999
      },
      "map_diagnostics": {
        "backward_boundary_fraction": 0.03212159863945578,
        "forward_boundary_fraction": 0.031909013605442176,
        "poloidal_shift_mean_cells": 0.9234503913867842,
        "poloidal_shift_std_cells": 0.18776433840896778,
        "radial_shift_linf_cells": 0.35753540110173887
      },
      "metric": {
        "fields": {
          "Bxy": {
            "finite": true,
            "maximum": 1.261,
            "mean": 1.0,
            "minimum": 0.7712,
            "std": 0.13106778056962845
          },
          "J": {
            "finite": true,
            "maximum": 3.745490311297986,
            "mean": 1.3570669417081656,
            "minimum": 0.1670359588388617,
            "std": 0.7345706856445952
          },
          "g11": {
            "finite": true,
            "maximum": 2.962427593023407,
            "mean": 1.5970553882531073,
            "minimum": 0.96024751742554,
            "std": 0.414323607615701
          },
          "g12": {
            "finite": true,
            "maximum": 0.07039620355442375,
            "mean": 0.0003575631522677209,
            "minimum": -0.0718680962312992,
            "std": 0.013416039360024355
          },
          "g13": {
            "finite": true,
            "maximum": 8.617209879568126,
            "mean": -0.0015432522127449887,
            "minimum": -8.490727514350034,
            "std": 1.34792252381036
          },
          "g22": {
            "finite": true,
            "maximum": 0.110782635159362,
            "mean": 0.07148776763223726,
            "minimum": 0.044869686397085995,
            "std": 0.011398318298583066
          },
          "g23": {
            "finite": true,
            "maximum": 0.2631859180079264,
            "mean": 0.0017028071265434439,
            "minimum": -0.17056997364096882,
            "std": 0.08078573101535554
          },