{
  "backend": "gpu",
  "case": "atomic_rate_throughput_gate",
  "devices": [
    {
      "id": 0,
      "kind": "NVIDIA RTX A4000",
      "platform": "gpu"
    },
    {
      "id": 1,
      "kind": "NVIDIA RTX A4000",
      "platform": "gpu"
    }
  ],
  "differentiability_showcase": {
    "autodiff_sensitivity": 0.03644363482051284,
    "finite_difference_sensitivity": 0.03644363482470381,
    "objective": "mean combined AMJUEL ionisation plus charge-exchange rate under a log-temperature shift",
    "objective_value": 0.12014873248596852,
    "point_count": 65536,
    "sensitivity_relative_error": 1.1499860093617205e-10
  },
  "host_device_count_requested": null,
  "interpretation": "This gate measures a batched reaction-source kernel and its reverse-mode derivative. When --enable-pmap is set and more than one local device is visible, it also measures fixed-work pmap throughput against the single-device kernel. It is the current GPU-throughput evidence for source terms; full recycling implicit output-window GPU speedup is intentionally not claimed by this gate.",
  "pmap_enabled": false,
  "results": [
    {
      "grad_samples": [
        0.00010770908556878567,
        9.529688395559788e-05,
        8.691893890500069e-05,
        9.532691910862923e-05,
        8.323695510625839e-05,
        8.440995588898659e-05,
        8.423300459980965e-05
      ],
      "grad_seconds_median": 8.691893890500069e-05,
      "pmap_device_count": 0,
      "pmap_grad_samples": [],
      "pmap_grad_seconds_median": null,
      "pmap_grad_single_max_abs_error": null,
      "pmap_grad_speedup_vs_single": null,
      "pmap_parity_passed": null,
      "pmap_rate_samples": [],
      "pmap_rate_seconds_median": null,
      "pmap_rate_single_max_abs_error": null,
      "pmap_rate_speedup_vs_single": null,
      "point_count": 4096,
      "rate_samples": [
        0.00014544790610671043,
        9.704800322651863e-05,
        9.003211744129658e-05,
        8.254987187683582e-05,
        8.437177166342735e-05,
        8.161691948771477e-05,
        8.224090561270714e-05
      ],
      "rate_seconds_median": 8.437177166342735e-05
    },
    {
      "grad_samples": [
        0.0001942750532180071,
        0.00018457812257111073,
        0.00018299208022654057,
        0.0001825240906327963,
        0.00017929705791175365,
        0.00018238509073853493,
        0.00018804380670189857
      ],
      "grad_seconds_median": 0.00018299208022654057,
      "pmap_device_count": 0,
      "pmap_grad_samples": [],
      "pmap_grad_seconds_median": null,
      "pmap_grad_single_max_abs_error": null,
      "pmap_grad_speedup_vs_single": null,
      "pmap_parity_passed": null,
      "pmap_rate_samples": [],
      "pmap_rate_seconds_median": null,
      "pmap_rate_single_max_abs_error": null,
      "pmap_rate_speedup_vs_single": null,
      "point_count": 65536,
      "rate_samples": [
        0.00015478418208658695,
        0.00014727306552231312,
        0.00014120107516646385,
        0.00014329515397548676,
        0.00014021899551153183,
        0.00014120806008577347,
        0.00014223484322428703
      ],
      "rate_seconds_median": 0.00014223484322428703
    },
    {
      "grad_samples": [
        0.0005677880253642797,
        0.0005576619878411293,
        0.0005560219287872314,
        0.0005568470805883408,
        0.0005567318294197321,
        0.0005568829365074635,
        0.0005645931232720613
      ],
      "grad_seconds_median": 0.0005568829365074635,
      "pmap_device_count": 0,
      "pmap_grad_samples": [],
      "pmap_grad_seconds_median": null,
      "pmap_grad_single_max_abs_error": null,
      "pmap_grad_speedup_vs_single": null,
      "pmap_parity_passed": null,
      "pmap_rate_samples": [],
      "pmap_rate_seconds_median": null,
      "pmap_rate_single_max_abs_error": null,
      "pmap_rate_speedup_vs_single": null,
      "point_count": 262144,
      "rate_samples": [
        0.0004343208856880665,
        0.0004015939775854349,
        0.0004001741763204336,
        0.00039847311563789845,
        0.00039895111694931984,
        0.00039717182517051697,
        0.0003987529780715704
      ],
      "rate_seconds_median": 0.00039895111694931984
    },
    {
      "grad_samples": [
        0.002170924097299576,
        0.0022052789572626352,
        0.0022160580847412348,
        0.002211502054706216,
        0.0022181239910423756,
        0.0022282449062913656,
        0.002211553044617176
      ],
      "grad_seconds_median": 0.002211553044617176,
      "pmap_device_count": 0,
      "pmap_grad_samples": [],
      "pmap_grad_seconds_median": null,
      "pmap_grad_single_max_abs_error": null,
      "pmap_grad_speedup_vs_single": null,
      "pmap_parity_passed": null,
      "pmap_rate_samples": [],
      "pmap_rate_seconds_median": null,
      "pmap_rate_single_max_abs_error": null,
      "pmap_rate_speedup_vs_single": null,
      "point_count": 1048576,
      "rate_samples": [
        0.0016422579064965248,
        0.0016263469588011503,
        0.001653169048950076,
        0.0015203519724309444,
        0.0015376610681414604,
        0.0014376230537891388,
        0.0015313818585127592
      ],
      "rate_seconds_median": 0.0015376610681414604
    },
    {
      "grad_samples": [
        0.007634404115378857,
        0.007646206067875028,
        0.007686623837798834,
        0.007731487043201923,
        0.007709230063483119,
        0.0077055569272488356,
        0.0077149688731879
      ],
      "grad_seconds_median": 0.0077055569272488356,
      "pmap_device_count": 0,
      "pmap_grad_samples": [],
      "pmap_grad_seconds_median": null,
      "pmap_grad_single_max_abs_error": null,
      "pmap_grad_speedup_vs_single": null,
      "pmap_parity_passed": null,
      "pmap_rate_samples": [],
      "pmap_rate_seconds_median": null,
      "pmap_rate_single_max_abs_error": null,
      "pmap_rate_speedup_vs_single": null,
      "point_count": 4194304,
      "rate_samples": [
        0.005173444049432874,
        0.005186121910810471,
        0.0051782631780952215,
        0.005246142158284783,
        0.005238537909463048,
        0.005239804973825812,
        0.00523738213814795
      ],
      "rate_seconds_median": 0.00523738213814795
    }
  ],
  "timed_runs": 7
}
