{
  "batch_execute_seconds": [
    0.022281709010712802,
    0.04867041693069041,
    0.08568124996963888,
    0.15541833394672722
  ],
  "batch_sizes": [
    1,
    2,
    4,
    8
  ],
  "batch_throughput_cases_per_second": [
    44.879860854443926,
    41.09272379663646,
    46.68465972914025,
    51.47397862817242
  ],
  "case": "non_axisymmetric_fci_drb_pytree_transient",
  "compile_and_first_execute_seconds": 0.1456742089940235,
  "dt": 1.5e-05,
  "final_ion_density_mean": 0.8548559587246489,
  "final_min_density": 0.10000111355131053,
  "final_neutral_density_mean": 0.1397662703006529,
  "final_potential_residual_l2": 1.3200144473630802,
  "final_vorticity_rms": 0.026162877029663308,
  "finite_difference_derivative": 0.2648009741596513,
  "geometry": {
    "elongation": 1.45,
    "field_periods": 5,
    "geometry_family": "analytic_non_axisymmetric_stellarator",
    "iota_axis": 0.38,
    "iota_edge": 0.58,
    "island_amplitude": 0.03,
    "island_mode": 2,
    "major_radius": 3.8,
    "minor_radius": 0.7,
    "mirror_amplitude": 0.16,
    "nx": 18,
    "ny": 16,
    "nz": 32
  },
  "jvp_derivative": 0.2648009741596345,
  "jvp_objective_value": 0.9043058146249263,
  "jvp_relative_error": 6.351894616871855e-14,
  "local_device_count": 1,
  "local_devices": [
    "TFRT_CPU_0"
  ],
  "passed": true,
  "pmap_execute_seconds": null,
  "steps": 8,
  "vmap_serial_linf": 8.881784197001252e-16,
  "warm_execute_seconds": 0.02114941703621298
}