{
  "case": "stellarator_metric_weighted_scalar_laplacian_mms",
  "identity_mms_max_error": [
    5.654606232470563,
    2.6891628480567533,
    1.5498315267759324,
    0.7009928323439354
  ],
  "identity_mms_observed_order": 1.9013117382667641,
  "identity_mms_rms_error": [
    1.9992052059598084,
    0.9507626427879413,
    0.5479481911399936,
    0.2478383926567406
  ],
  "operator": "J^-1 partial_i(J K g^ij partial_j f)",
  "passed": true,
  "resolutions": [
    16,
    24,
    32,
    48
  ],
  "synthetic_constant_residual_linf": 0.0,
  "synthetic_cross_term_fraction": 0.17038603482979384,
  "synthetic_energy_drop_fraction": 0.0048592875526259904,
  "synthetic_energy_final": 0.36827466158416267,
  "synthetic_energy_initial": 0.37007295247569133,
  "synthetic_energy_monotone_fraction": 1.0,
  "synthetic_energy_rate": -0.015064262205640704,
  "synthetic_shape": [
    22,
    18,
    36
  ]
}