{
  "autodiff_gradient": [
    -1.3036111144659936e-07,
    0.001584279555547176,
    -0.018399017843746132,
    0.000732130809217163
  ],
  "diffusivity_sweep": [
    0.2,
    0.20677966101694917,
    0.21355932203389832,
    0.22033898305084748,
    0.2271186440677966,
    0.23389830508474577,
    0.24067796610169492,
    0.24745762711864408,
    0.2542372881355932,
    0.26101694915254237,
    0.2677966101694915,
    0.2745762711864407,
    0.28135593220338984,
    0.288135593220339,
    0.29491525423728815,
    0.3016949152542373,
    0.30847457627118646,
    0.3152542372881356,
    0.3220338983050848,
    0.32881355932203393,
    0.3355932203389831,
    0.34237288135593225,
    0.3491525423728814,
    0.3559322033898305,
    0.36271186440677966,
    0.3694915254237288,
    0.376271186440678,
    0.38305084745762713,
    0.3898305084745763,
    0.3966101694915254,
    0.40338983050847455,
    0.4101694915254237,
    0.41694915254237286,
    0.423728813559322,
    0.43050847457627117,
    0.43728813559322033,
    0.4440677966101695,
    0.45084745762711864,
    0.4576271186440678,
    0.46440677966101696,
    0.4711864406779661,
    0.47796610169491527,
    0.4847457627118644,
    0.4915254237288136,
    0.49830508474576274,
    0.5050847457627119,
    0.5118644067796609,
    0.5186440677966102,
    0.5254237288135593,
    0.5322033898305085,
    0.5389830508474576,
    0.5457627118644068,
    0.5525423728813559,
    0.5593220338983051,
    0.5661016949152542,
    0.5728813559322035,
    0.5796610169491525,
    0.5864406779661018,
    0.5932203389830508,
    0.6
  ],
  "finite_difference_gradient": [
    -1.3036109648353889e-07,
    0.0015842795555475516,
    -0.018398962062767758,
    0.0007320340684004775
  ],
  "nominal_parameters": [
    0.3,
    0.16,
    0.46,
    0.16
  ],
  "objective_value": 0.001329963532188494,
  "sweep_objective": [
    0.001329976600780871,
    0.0013299757127171823,
    0.0013299748249533962,
    0.0013299739374893894,
    0.0013299730503249327,
    0.001329972163459945,
    0.0013299712768942392,
    0.001329970390627667,
    0.0013299695046601024,
    0.0013299686189913744,
    0.001329967733621342,
    0.001329966848549868,
    0.001329965963776813,
    0.0013299650793020322,
    0.0013299641951253925,
    0.0013299633112467749,
    0.0013299624276660114,
    0.0013299615443829796,
    0.001329960661397589,
    0.0013299597787096587,
    0.001329958896319092,
    0.001329958014225741,
    0.0013299571324295117,
    0.0013299562509302676,
    0.0013299553697278857,
    0.0013299544888222441,
    0.0013299536082132433,
    0.001329952727900738,
    0.0013299518478846434,
    0.0013299509681648153,
    0.0013299500887411716,
    0.0013299492096135752,
    0.0013299483307819323,
    0.001329947452246139,
    0.0013299465740060753,
    0.0013299456960616488,
    0.0013299448184127375,
    0.0013299439410592478,
    0.0013299430640010693,
    0.0013299421872381308,
    0.0013299413107703039,
    0.0013299404345974916,
    0.0013299395587195837,
    0.0013299386831365154,
    0.0013299378078481733,
    0.0013299369328544726,
    0.0013299360581552895,
    0.0013299351837505642,
    0.0013299343096402018,
    0.0013299334358240936,
    0.0013299325623021643,
    0.0013299316890743422,
    0.0013299308161404879,
    0.0013299299435005512,
    0.0013299290711544347,
    0.0013299281991020777,
    0.0013299273273433701,
    0.0013299264558782069,
    0.0013299255847065517,
    0.0013299247138283021
  ],
  "target_parameters": [
    0.42,
    0.22,
    0.56,
    0.11
  ]
}