{
  "GBS_Lp_n": -92566.99031169515,
  "GBS_coh_ky_peak": 0.974203884601593,
  "GBS_flux_mean": 4.979661980542005e-07,
  "GBS_flux_peak_abs": 5.800939106848091e-07,
  "GBS_growth_n": -0.1744213185147101,
  "GBS_growth_phi": 93.09485872944839,
  "GBS_ky_peak_n": 6.283185307179586,
  "GBS_ky_peak_phi": 6.283185307179586,
  "GBS_phase_ky_peak": -0.5908218026161194,
  "GBS_rms_n_final": 0.9847440123558044,
  "GBS_rms_phi_final": 7.413868297589943e-05,
  "GBS_spec_peak_n": 0.0004521782393567264,
  "GBS_spec_peak_phi": 1.211671900591682e-07,
  "Hermes_Lp_n": 815429.0630657746,
  "Hermes_coh_ky_peak": 0.0,
  "Hermes_flux_mean": 0.0,
  "Hermes_flux_peak_abs": 0.0,
  "Hermes_growth_n": 0.000221820639985693,
  "Hermes_growth_phi": 0.0,
  "Hermes_ky_peak_n": 0.9999999999999999,
  "Hermes_ky_peak_phi": 0.9999999999999999,
  "Hermes_phase_ky_peak": 0.0,
  "Hermes_rms_n_final": 0.0808289242448989,
  "Hermes_rms_phi_final": 0.0,
  "Hermes_spec_peak_n": 0.0,
  "Hermes_spec_peak_phi": 0.0,
  "jax_drb_Lp_n": 0.2916736663326348,
  "jax_drb_coh_ky_peak": 0.020104801905251737,
  "jax_drb_flux_mean": 1.3160550276897e-20,
  "jax_drb_flux_peak_abs": 1.3331592706659009e-20,
  "jax_drb_growth_n": -0.016985212636500744,
  "jax_drb_growth_phi": -0.02044990252453258,
  "jax_drb_ky_peak_n": 6.283185307179586,
  "jax_drb_ky_peak_phi": 6.283185307179586,
  "jax_drb_phase_ky_peak": -3.090987218635609,
  "jax_drb_rms_n_final": 6.860787678230234e-07,
  "jax_drb_rms_phi_final": 1.5418859683938013e-09,
  "jax_drb_spec_peak_n": 7.894214997857078e-16,
  "jax_drb_spec_peak_phi": 5.158559628849824e-19
}