{
  "GBS_Lp_n": -92566.99031169515,
  "GBS_growth_n": -0.1744213185147101,
  "GBS_growth_phi": 93.09485872944839,
  "GBS_rms_n_final": 0.9847440123558044,
  "GBS_rms_phi_final": 7.413868297589943e-05,
  "Hermes_Lp_n": 815429.0630657746,
  "Hermes_growth_n": 0.000221820639985693,
  "Hermes_growth_phi": 0.0,
  "Hermes_rms_n_final": 0.0808289242448989,
  "Hermes_rms_phi_final": 0.0,
  "jax_drb_Lp_n": 0.2916736663326348,
  "jax_drb_growth_n": -0.016985212636500744,
  "jax_drb_growth_phi": -0.02044990252453258,
  "jax_drb_rms_n_final": 6.860787678230234e-07,
  "jax_drb_rms_phi_final": 1.5418859683938013e-09
}