{
  "gbs": {
    "curv_x": {
      "rel_error": 0.6338857221837269,
      "rms_geom": 1.0,
      "rms_ref": 1.0
    },
    "curv_y": {
      "rel_error": 0.5622636530430333,
      "rms_geom": 0.9999999999999999,
      "rms_ref": 1.0000001192092896
    },
    "field_rms": {
      "temperaturi": 2.482948389115336e-07
    }
  },
  "hermes": {
    "B": {
      "rel_error": 0.0010693391454715752,
      "rms_geom": 1.0,
      "rms_ref": 1.0010704838557631
    },
    "curv_x": {
      "rel_error": 1.1044542322640376,
      "rms_geom": 0.03535533905932738,
      "rms_ref": 0.05887565362657517
    },
    "curv_y": {
      "rel_error": 1.1232629731584403,
      "rms_geom": 0.4782537650250763,
      "rms_ref": 0.3915985627872782
    },
    "dpar_factor": {
      "rel_error": 0.0010704838557631445,
      "rms_geom": 0.5,
      "rms_ref": 0.4994653304272642
    },
    "field_rms": {
      "Te": 5.0
    }
  },
  "jaxdrb": {
    "B": {
      "rel_error": 0.0,
      "rms_geom": 1.0,
      "rms_ref": 1.0
    },
    "curv_x": {
      "rel_error": 0.0,
      "rms_geom": 0.03535533905932738,
      "rms_ref": 0.03535533905932738
    },
    "curv_y": {
      "rel_error": 0.0,
      "rms_geom": 0.4779382652481526,
      "rms_ref": 0.4779382652481526
    },
    "dpar_factor": {
      "rel_error": 0.0,
      "rms_geom": 0.5,
      "rms_ref": 0.5
    },
    "field_rms": {
      "Te": 0.0,
      "n": 7.070852016708277e-07
    }
  }
}