{
  "background_density": 1.0,
  "center_of_mass_x_history": [
    63.5000000000489,
    63.93604264063113,
    65.20007239996434,
    67.22461590000542,
    69.92151243675005,
    73.16187405596847,
    76.77754899111004,
    80.59097634326251,
    84.44449176077084,
    88.19041840449913,
    91.67057999681327,
    94.72912512901134,
    97.30153219844274,
    99.48644718429769,
    101.46639133536756,
    103.38184779934802,
    105.27753531062127,
    107.11478971171407,
    108.85011399605504,
    110.4915858277941,
    112.07939757947888,
    113.64602670493856,
    115.19893318388051,
    116.73106549076138,
    118.23162750677875,
    119.69463525823258,
    121.11555704873551,
    122.48982428597712,
    123.81084606104297,
    125.07959780869596,
    126.31193783944559,
    127.52501388431814,
    128.72404361640127,
    129.91453807400595,
    131.10788443226858,
    132.32448870877076,
    133.5778421970757,
    134.87908581864923,
    136.23953864607762,
    137.6694429534949,
    139.17062029731258,
    140.74063604237472,
    142.35497181365366,
    143.9821713073253,
    145.5757931186469,
    147.10864404224813,
    148.56401635747923,
    149.9404837824333,
    151.26278049074335,
    152.55697797978655,
    153.841366748258
  ],
  "center_of_mass_z_history": [
    128.0,
    128.0227063186895,
    128.07912005366995,
    128.15753091817336,
    128.25020615077597,
    128.35146623865577,
    128.456685738817,
    128.5619264402377,
    128.66423344965318,
    128.76228016493192,
    128.85499292484377,
    128.94511394845094,
    129.03600151208227,
    129.12787363830395,
    129.22035398907215,
    129.31292258117853,
    129.40745964497015,
    129.50452657948182,
    129.60322515835165,
    129.7040109258615,
    129.80825750316023,
    129.9168686280461,
    130.02959949926745,
    130.13958981930784,
    130.2445071982744,
    130.33836800327506,
    130.4183588433957,
    130.46273870490216,
    130.46718228771556,
    130.43798558333867,
    130.36118339578985,
    130.23047494852455,
    130.07086718242255,
    129.92127593017318,
    129.81019028323615,
    129.7551999183829,
    129.74713308131768,
    129.77424777161136,
    129.81473972199402,
    129.86427905518048,
    129.9153630305043,
    129.97941549660752,
    130.05384260679267,
    130.15039387234748,
    130.26502355148915,
    130.39963077174556,
    130.54563069356192,
    130.6875956506712,
    130.8289374974004,
    130.9852430941752,
    131.181047392118
  ],
  "density_variable": "Ne",
  "peak_excess_history": [
    0.49923764232753753,
    0.4992217939354153,
    0.4977771477829491,
    0.49634207222785,
    0.49444804574916335,
    0.49110805010389513,
    0.4851181792130965,
    0.47228157209916044,
    0.45479238290826274,
    0.43618195823542383,
    0.41829056909194473,
    0.40059545920115025,
    0.38256841392974605,
    0.3648189871962102,
    0.3501593015180342,
    0.3376912769987954,
    0.32677076066451116,
    0.3187187993786076,
    0.31280460979792335,
    0.30850151371870305,
    0.3062897375337519,
    0.3049940264574664,
    0.3043712413595332,
    0.3041683830214963,
    0.3039586800714984,
    0.30384095808792977,
    0.30377076907277756,
    0.30364721776396353,
    0.3034882642800072,
    0.3033689554188086,
    0.30328469798729274,
    0.30278137568591834,
    0.30177794872346353,
    0.29964979833014715,
    0.2980307156528297,
    0.2968884416727995,
    0.2939597877741513,
    0.2905235409535938,
    0.2870983823963964,
    0.28068067856810397,
    0.27202008538435685,
    0.2586442677981573,
    0.24794237557217125,
    0.23967148226284607,
    0.23449754183919524,
    0.23098732582802017,
    0.22761736076803984,
    0.22469798467798108,
    0.2223188909999576,
    0.2205715347907815,
    0.21942969845857396
  ],
  "time_points": [
    0.0,
    50.0,
    100.0,
    150.0,
    200.0,
    250.0,
    300.0,
    350.0,
    400.0,
    450.0,
    500.0,
    550.0,
    600.0,
    650.0,
    700.0,
    750.0,
    800.0,
    850.0,
    900.0,
    950.0,
    1000.0,
    1050.0,
    1100.0,
    1150.0,
    1200.0,
    1250.0,
    1300.0,
    1350.0,
    1400.0,
    1450.0,
    1500.0,
    1550.0,
    1600.0,
    1650.0,
    1700.0,
    1750.0,
    1800.0,
    1850.0,
    1900.0,
    1950.0,
    2000.0,
    2050.0,
    2100.0,
    2150.0,
    2200.0,
    2250.0,
    2300.0,
    2350.0,
    2400.0,
    2450.0,
    2500.0
  ]
}