{
  "center_density_history": [
    0.9709848197438855,
    0.8029222529291092,
    0.7936627324639266,
    0.7898700107562141,
    0.788082397531262,
    0.7871853779994913,
    0.7867209221892029,
    0.7864764818293061,
    0.7863469716973823,
    0.7862781136453894,
    0.786241034231055,
    0.786220913487754,
    0.7862102238224908,
    0.7862044669064738,
    0.7862014415018043,
    0.786199787445947
  ],
  "center_index_x": 5,
  "center_index_y": 3,
  "center_index_z": 5,
  "center_momentum_history": [
    0.0,
    -0.0010341777519552598,
    -0.0003612261977861579,
    -0.00015670735653600042,
    -7.526839403763057e-05,
    -3.807169324832581e-05,
    -1.978678263042254e-05,
    -1.0433892051966525e-05,
    -5.556235666303685e-06,
    -2.979898487302322e-06,
    -1.5940343117941672e-06,
    -8.536694101598802e-07,
    -4.573224326113924e-07,
    -2.461868332762455e-07,
    -1.3204975477060445e-07,
    -7.080056563946118e-08
  ],
  "center_pressure_history": [
    0.09709848197438856,
    0.08025437125347347,
    0.07935619496668381,
    0.0789825317210123,
    0.0788055319335058,
    0.0787165258729769,
    0.07867039408384352,
    0.0786461029954508,
    0.07863324180874162,
    0.0786263836911422,
    0.07862274011085213,
    0.07862069690882627,
    0.07861963408704098,
    0.07861904917333536,
    0.07861876096553097,
    0.07861859645931955
  ],
  "center_temperature_history": [
    0.1,
    0.09995285466394864,
    0.09998730155858829,
    0.09999434165805987,
    0.09999656403996729,
    0.09999744415098595,
    0.09999784150258513,
    0.09999803530364161,
    0.09999814921268983,
    0.09999818426410202,
    0.09999826603777466,
    0.09999822640186083,
    0.0999982341933925,
    0.09999822245055727,
    0.0999982406739845,
    0.09999824181423447
  ],
  "density_variable": "Nh",
  "momentum_rms_history": [
    0.0,
    0.0008447705815390797,
    0.0002883784905007972,
    0.00012411247871390712,
    5.937944124167169e-05,
    2.9973841154846974e-05,
    1.5561463699694092e-05,
    8.201123674695935e-06,
    4.366207218629909e-06,
    2.3411486200477393e-06,
    1.2521321846874156e-06,
    6.705845871619433e-07,
    3.592310618486385e-07,
    1.9332258980821518e-07,
    1.0372427119010224e-07,
    5.561217670555262e-08
  ],
  "momentum_variable": "NVh",
  "pressure_variable": "Ph",
  "time_points": [
    0.0,
    20.0,
    40.0,
    60.0,
    80.0,
    100.0,
    120.0,
    140.0,
    160.0,
    180.0,
    200.0,
    220.0,
    240.0,
    260.0,
    280.0,
    300.0
  ],
  "total_density_history": [
    774.5104458213918,
    786.1978744860376,
    786.1978750597798,
    786.1978747753942,
    786.1978749233494,
    786.1978749224482,
    786.1978749225034,
    786.1978749225184,
    786.1978749191537,
    786.1978749225108,
    786.1978749225547,
    786.197874922525,
    786.1978749225202,
    786.197874922508,
    786.1978749225254,
    786.1978749225259
  ],
  "total_pressure_history": [
    77.45104458213919,
    78.6180900890249,
    78.6183708576144,
    78.61839988825595,
    78.61840485826917,
    78.61840593555398,
    78.61840620173336,
    78.61840627221011,
    78.61840629117476,
    78.61840629650364,
    78.61840629807133,
    78.61840629851243,
    78.61840629864035,
    78.6184062986748,
    78.61840629868738,
    78.61840629869042
  ]
}