{
  "case": "neutral_mixed_rhs",
  "probe": {
    "x_index": 5,
    "z_index": 5,
    "y_start": 2,
    "y_end": 11
  },
  "density_centerline": [
    0.878583397249169,
    0.8110346956646112,
    0.8110346956646111,
    0.878583397249169,
    0.9329119603871474,
    0.9709848197438855,
    0.99060001424835,
    0.99060001424835,
    0.9709848197438855,
    0.9329119603871474,
    0.878583397249169,
    0.8110346956646112,
    0.8110346956646111,
    0.878583397249169
  ],
  "pressure_centerline": [
    0.08785833972491691,
    0.08110346956646113,
    0.08110346956646111,
    0.08785833972491691,
    0.09329119603871475,
    0.09709848197438856,
    0.09906000142483501,
    0.09906000142483501,
    0.09709848197438856,
    0.09329119603871475,
    0.08785833972491691,
    0.08110346956646113,
    0.08110346956646111,
    0.08785833972491691
  ],
  "density_parallel_rhs_active": [
    0.0077334022148506446,
    -0.007575125267790534,
    -4.34648321999814e-05,
    0.0009682953129707153,
    -0.0010831074278307958,
    -0.0010831074278307852,
    0.0009682953129707013,
    -4.3464832199982173e-05,
    -0.007575125267790479,
    0.0077334022148505726
  ],
  "density_parallel_flow_active": [
    9.499712840221265e-18,
    -0.007250025292221999,
    -0.00014838383385227776,
    -0.00010763577445778735,
    -0.0010154077116132983,
    -6.271112388446734e-18,
    0.0010154077116132985,
    0.00010763577445781054,
    0.00014838383385228033,
    0.007250025292221947
  ],
  "pressure_parallel_flow_active": [
    -2.683120666580929e-18,
    -0.0018125063230555066,
    -3.709595846306619e-05,
    -2.6908943614444883e-05,
    -0.0002538519279033261,
    -1.3485957701704194e-18,
    0.0002538519279033282,
    2.690894361445119e-05,
    3.709595846306163e-05,
    0.0018125063230554973
  ],
  "temperature_center": 0.1,
  "sound_speed_center": 0.408248290463863,
  "g22_center": 1.0439684754508788e-06,
  "g_22_center": 957883.3303066079
}
