{
  "case": "neutral_mixed_rhs",
  "probe": {
    "x_index": 5,
    "z_index": 5,
    "y_start": 2,
    "y_end": 11
  },
  "density_centerline": [
    0.8110346956646111,
    0.7434859940800531,
    0.8110346956646111,
    0.878583397249169,
    0.9329119603871474,
    0.9709848197438855,
    0.99060001424835,
    0.99060001424835,
    0.9709848197438855,
    0.9329119603871474,
    0.878583397249169,
    0.8110346956646112,
    0.7434859940800534,
    0.8110346956646112
  ],
  "pressure_centerline": [
    0.08785833972491691,
    0.08110346956646113,
    0.08110346956646111,
    0.08785833972491691,
    0.09329119603871475,
    0.09709848197438856,
    0.09906000142483501,
    0.09906000142483501,
    0.09709848197438856,
    0.09329119603871475,
    0.08785833972491691,
    0.08110346956646113,
    0.08110346956646111,
    0.08785833972491691
  ],
  "density_parallel_rhs_active": [
    0.0006893092133923862,
    -0.0005310322663323042,
    -4.346483219999642e-05,
    0.0009682953129707128,
    -0.0010831074278307984,
    -0.0010831074278307984,
    0.0009682953129707128,
    -4.346483219999642e-05,
    -0.0005310322663323042,
    0.0006893092133923862
  ],
  "density_parallel_flow_active": [
    0.0,
    -0.0006462238859967218,
    -0.00014838383385226694,
    -0.00010763577445779826,
    -0.001015407711613292,
    0.0,
    0.001015407711613292,
    0.00010763577445779826,
    0.00014838383385226694,
    0.0006462238859967218
  ],
  "pressure_parallel_flow_active": [
    -2.683120666580929e-18,
    -0.0018125063230555066,
    -3.709595846306619e-05,
    -2.6908943614444883e-05,
    -0.0002538519279033261,
    -1.3485957701704194e-18,
    0.0002538519279033282,
    2.690894361445119e-05,
    3.709595846306163e-05,
    0.0018125063230554973
  ],
  "temperature_center": 0.1,
  "sound_speed_center": 0.408248290463863,
  "g22_center": 1.0439684754508788e-06,
  "g_22_center": 957883.3303066079
}
