{
  "field_names": [
    "J",
    "g11",
    "g33"
  ],
  "variable_errors": {
    "J": {
      "max_abs_error": 0.06399999999999917,
      "name": "J",
      "relative_l2_error": 0.014999999999999895,
      "rms_error": 0.023676376840677582
    },
    "g11": {
      "max_abs_error": 0.03689236111111116,
      "name": "g11",
      "relative_l2_error": 0.010000000000000004,
      "rms_error": 0.036034762538520546
    },
    "g33": {
      "max_abs_error": 0.0703125,
      "name": "g33",
      "relative_l2_error": 0.01999999999999999,
      "rms_error": 0.02726332960745213
    }
  }
}