{
  "blob_velocity_tail": -0.08040165655689502,
  "mean_flux_tail": 0.9599254662336991,
  "xs": 60.0
}
