{
  "final_loss": 5.5159716794741426e-05,
  "initial_guess_parameters": [
    0.22,
    0.08,
    0.34,
    0.18
  ],
  "loss_history": [
    0.0029453557021818758,
    0.0028035796693691314,
    0.0026706674686181107,
    0.002546218209196473,
    0.0024279556927596442,
    0.0023123272631681234,
    0.002196638493302439,
    0.0020800245729983434,
    0.0019628379490059834,
    0.0018459646787786597,
    0.0017304920530516494,
    0.0016175759736691186,
    0.0015083851116818796,
    0.0014040724951956151,
    0.0013057579444286007,
    0.0012145156124876975,
    0.0011313629707493725,
    0.0010572457333953302,
    0.000993009170997372,
    0.0009393412014054271,
    0.0008966687076632273,
    0.0008649909439702851,
    0.0008436541882469123,
    0.0008311265971961624,
    0.0008249188659383547,
    0.0008218373931963257,
    0.0008186120939849771,
    0.0008126362196198924,
    0.0008024211772728462,
    0.0007875966075656987,
    0.000768590975315425,
    0.0007462195556875734,
    0.0007213312700330369,
    0.0006945752245299408,
    0.0006662982169190199,
    0.0006365615574357172,
    0.0006052484496524437,
    0.000572217502258378,
    0.0005374514985275492,
    0.0005011597369523206,
    0.0004638129119101404,
    0.00042611043012298123,
    0.00038889320956507733,
    0.00035302029745699985,
    0.00031922969158564805,
    0.000288006478066496,
    0.0002594851899456329,
    0.00023341502064507614,
    0.00020921135039700031,
    0.00018610114856933724,
    0.0001633432507163901,
    0.00014047298843200415,
    0.00011749577007705547,
    9.495136230352261e-05,
    7.380195591119028e-05
  ],
  "optimized_parameters": [
    0.10517979156128979,
    0.18450134567975698,
    0.5958081446069968,
    0.11900134075602842
  ],
  "target_parameters": [
    0.46,
    0.2,
    0.6,
    0.1
  ]
}