{
  "boundary_band_cells": 2,
  "case_name": "neutral_mixed_one_step",
  "compare_variables": [
    "Nh",
    "Ph",
    "NVh"
  ],
  "field_metrics": {
    "NVh": {
      "interior_max_abs_error": 0.0003573978591942372,
      "lineout_max_abs_error": 0.0005807995859449886,
      "lower_boundary_max_abs_error": 0.0005807994860577181,
      "max_abs_error": 0.0005807995859449886,
      "rms_error": 0.00020683586999412998,
      "upper_boundary_max_abs_error": 0.0005807995859449886
    },
    "Nh": {
      "interior_max_abs_error": 0.005590240138131586,
      "lineout_max_abs_error": 0.010216937845897167,
      "lower_boundary_max_abs_error": 0.010216936133303212,
      "max_abs_error": 0.010216937845897167,
      "rms_error": 0.003428154669987284,
      "upper_boundary_max_abs_error": 0.010216937845897167
    },
    "Ph": {
      "interior_max_abs_error": 0.0004882025328863393,
      "lineout_max_abs_error": 0.0009056766468825694,
      "lower_boundary_max_abs_error": 0.0009056764803584971,
      "max_abs_error": 0.0009056766468825694,
      "rms_error": 0.0003118202203437734,
      "upper_boundary_max_abs_error": 0.0009056766468825694
    }
  },
  "native_elapsed_seconds": 0.9424337090458721,
  "native_to_reference_runtime_ratio": 2.8439478227432677,
  "notes": {
    "comparison_surface": "live_native_vs_live_reference_neutral_mixed_centerline",
    "plot_note": "The lineouts follow the literature pattern of 1D open-field parallel-profile comparison at a fixed cross-field location, with a separate absolute-error panel to expose boundary-localized mismatch."
  },
  "profile_time_index": 1,
  "profiles": {
    "NVh": {
      "abs_diff_lineout": [
        0.00027214642739251365,
        0.0005807994860577181,
        0.00033663160447044375,
        0.000111108322612157,
        2.7775468036512715e-05,
        2.7775431793295737e-05,
        0.00011110834341435615,
        0.00033663166742304196,
        0.0005807995859449886,
        0.0002721465043868395
      ],
      "line_x": 7,
      "line_z": 0,
      "max_abs_profile_y": [
        0.00027214642739251365,
        0.0005807994860577181,
        0.00035739778789819414,
        0.00013893699244817452,
        3.779337044554804e-05,
        3.7793354125294026e-05,
        0.00013893700339633898,
        0.0003573978591942372,
        0.0005807995859449886,
        0.0002721465088825379
      ],
      "native_lineout": [
        -0.0006151150729627244,
        -0.0016286853790942952,
        -0.0017717476409452207,
        -0.0011455010593386652,
        -0.00036696993077489084,
        0.00036696992626524314,
        0.0011455010650876073,
        0.001771747701080104,
        0.0016286854785305563,
        0.0006151151500898804
      ],
      "reference_lineout": [
        -0.0003429686455702107,
        -0.0010478858930365771,
        -0.001435116036474777,
        -0.0010343927367265082,
        -0.0003391944627383781,
        0.0003391944944719474,
        0.0010343927216732512,
        0.0014351160336570621,
        0.0010478858925855677,
        0.00034296864570304087
      ]
    },
    "Nh": {
      "abs_diff_lineout": [
        0.010216936133303212,
        0.0008351987916599413,
        0.003002092747248164,
        0.0011621560948283927,
        0.0003140848847832389,
        0.00031407152924056714,
        0.0011621584573742183,
        0.0030020927810014975,
        0.0008351980269830639,
        0.010216937845897167
      ],
      "line_x": 4,
      "line_z": 5,
      "max_abs_profile_y": [
        0.010216936133303212,
        0.003481626148019057,
        0.005590239767409688,
        0.0030017634045986785,
        0.0014609645108581981,
        0.0014609561948227823,
        0.003001762524038165,
        0.005590240138131586,
        0.0034816254378113864,
        0.010216937845897167
      ],
      "native_lineout": [
        0.751114867074148,
        0.7704547704061889,
        0.7895970851809369,
        0.8040844096941583,
        0.8108677396875184,
        0.8108677400295901,
        0.8040844102803986,
        0.7895970854288282,
        0.7704547696314761,
        0.751114865352617
      ],
      "reference_lineout": [
        0.7613318032074512,
        0.769619571614529,
        0.7865949924336887,
        0.8029222535993299,
        0.8105536548027351,
        0.8105536685003495,
        0.8029222518230243,
        0.7865949926478267,
        0.769619571604493,
        0.7613318031985141
      ]
    },
    "Ph": {
      "abs_diff_lineout": [
        0.0009056764803584971,
        0.00010979343374306616,
        0.00031134240635762034,
        0.00011935972025234332,
        2.9159967017952648e-05,
        2.9155287298868182e-05,
        0.00011936065546200303,
        0.00031134231394523704,
        0.00010979336294418551,
        0.0009056766468825694
      ],
      "line_x": 4,
      "line_z": 5,
      "max_abs_profile_y": [
        0.0009056764803584971,
        0.0002890994576176531,
        0.0004882025328863393,
        0.00023562621686443186,
        8.743787952360249e-05,
        8.743537512502508e-05,
        0.0002356254584163775,
        0.0004882024921827738,
        0.0002890993837799394,
        0.0009056766468825694
      ],
      "native_lineout": [
        0.07527706572507409,
        0.07710564263484579,
        0.07896816848772394,
        0.08037373149540997,
        0.0810319407470075,
        0.08103194077982606,
        0.08037373155015438,
        0.07896816850681648,
        0.07710564255203677,
        0.07527706555398156
      ],
      "reference_lineout": [
        0.07618274220543259,
        0.07699584920110272,
        0.07865682608136632,
        0.08025437177515762,
        0.08100278077998954,
        0.0810027854925272,
        0.08025437089469238,
        0.07865682619287125,
        0.07699584918909258,
        0.07618274220086413
      ]
    }
  },
  "reference_binary": "<reference-root>/build/hermes-3",
  "reference_code": "hermes-3",
  "reference_elapsed_seconds": 0.33138220803812146,
  "reference_path": "<reference-root>/tests/integrated/neutral_mixed/data/BOUT.inp",
  "reference_root": "<reference-root>",
  "time_points": [
    0.0,
    20.0
  ],
  "worst_field": "Nh",
  "worst_max_abs_error": 0.010216937845897167,
  "x_index": 5,
  "y_coordinate": [
    0,
    1,
    2,
    3,
    4,
    5,
    6,
    7,
    8,
    9
  ],
  "y_index": 5,
  "z_index": 5
}