{
  "boundary_band_cells": 2,
  "case_name": "neutral_mixed_one_step",
  "compare_variables": [
    "Nh",
    "Ph",
    "NVh"
  ],
  "field_metrics": {
    "NVh": {
      "interior_max_abs_error": 4.46733131195939e-06,
      "lineout_max_abs_error": 4.46733131195939e-06,
      "lower_boundary_max_abs_error": 4.046397291406758e-06,
      "max_abs_error": 4.46733131195939e-06,
      "rms_error": 1.277282701022647e-06,
      "upper_boundary_max_abs_error": 4.046398068899412e-06
    },
    "Nh": {
      "interior_max_abs_error": 0.00021939053106800888,
      "lineout_max_abs_error": 0.00021939053106800888,
      "lower_boundary_max_abs_error": 0.0001521091223670723,
      "max_abs_error": 0.00021939053106800888,
      "rms_error": 5.916841635056996e-05,
      "upper_boundary_max_abs_error": 0.0001521090748224374
    },
    "Ph": {
      "interior_max_abs_error": 2.1145845255476914e-05,
      "lineout_max_abs_error": 2.1145845255476914e-05,
      "lower_boundary_max_abs_error": 1.5048158256009136e-05,
      "max_abs_error": 2.1145845255476914e-05,
      "rms_error": 5.474748269222105e-06,
      "upper_boundary_max_abs_error": 1.5048136311451854e-05
    }
  },
  "native_elapsed_seconds": 1.429167500231415,
  "native_to_reference_runtime_ratio": 5.125699864849377,
  "notes": {
    "comparison_surface": "live_native_vs_live_reference_neutral_mixed_centerline",
    "plot_note": "The lineouts follow the literature pattern of 1D open-field parallel-profile comparison at a fixed cross-field location, with a separate absolute-error panel to expose boundary-localized mismatch."
  },
  "profile_time_index": 1,
  "profiles": {
    "NVh": {
      "abs_diff_lineout": [
        1.9242177251824373e-06,
        4.046381638562286e-06,
        8.415941952369735e-07,
        4.46733131195939e-06,
        1.744753322086652e-06,
        1.7447423005446288e-06,
        4.46732456669814e-06,
        8.416000342157965e-07,
        4.046361679377591e-06,
        1.924207081345497e-06
      ],
      "line_x": 1,
      "line_z": 5,
      "max_abs_profile_y": [
        1.924226791392839e-06,
        4.046397291406758e-06,
        8.415941952369735e-07,
        4.46733131195939e-06,
        1.744753322086652e-06,
        1.7447508090600813e-06,
        4.46732456669814e-06,
        8.416000342157965e-07,
        4.046398068899412e-06,
        1.924225429416769e-06
      ],
      "native_lineout": [
        0.00034113452515808,
        0.0010440467012997844,
        0.0014359334520532027,
        0.001038644992336197,
        0.00034085268590865376,
        -0.00034085268683502076,
        -0.0010386449932289917,
        -0.0014359334518419837,
        -0.0010440467007878991,
        -0.000341134524759008
      ],
      "reference_lineout": [
        0.00034305874288326243,
        0.0010480930829383467,
        0.0014350918578579658,
        0.0010341776610242376,
        0.0003391079325865671,
        -0.00033910794453447614,
        -0.0010341776686622936,
        -0.0014350918518077679,
        -0.0010480930624672767,
        -0.0003430587318403535
      ]
    },
    "Nh": {
      "abs_diff_lineout": [
        4.6431738523811106e-05,
        0.00015210754013361694,
        0.00021939053106800888,
        6.48984864608515e-05,
        4.8876445400303226e-05,
        4.888943120706646e-05,
        6.490003145953605e-05,
        0.0002193903161148425,
        0.00015210756491446098,
        4.643173818552615e-05
      ],
      "line_x": 7,
      "line_z": 5,
      "max_abs_profile_y": [
        7.129689839302511e-05,
        0.0001521091223670723,
        0.00021939053106800888,
        9.780318648755504e-05,
        0.00012630188427087408,
        0.0001262770254060186,
        9.78005584291175e-05,
        0.0002193903161148425,
        0.0001521090748224374,
        7.129692014284927e-05
      ],
      "native_lineout": [
        0.7612853760764579,
        0.7694674746272585,
        0.7863755891052469,
        0.8028573455890176,
        0.8106025286775386,
        0.8106025286613641,
        0.8028573455598853,
        0.7863755890869343,
        0.7694674746238883,
        0.7612853760775636
      ],
      "reference_lineout": [
        0.7613318078149817,
        0.7696195821673921,
        0.7865949796363149,
        0.8029222440754784,
        0.8105536522321383,
        0.810553639230157,
        0.8029222455913448,
        0.7865949794030491,
        0.7696195821888028,
        0.7613318078157492
      ]
    },
    "Ph": {
      "abs_diff_lineout": [
        5.2970940692953494e-06,
        1.50479294308975e-05,
        2.1145845255476914e-05,
        6.595604332651495e-06,
        4.0437820300609495e-06,
        4.048263990377721e-06,
        6.596348756465753e-06,
        2.1145745135564553e-05,
        1.5047943449586487e-05,
        5.297092918798985e-06
      ],
      "line_x": 7,
      "line_z": 5,
      "max_abs_profile_y": [
        5.29717787167705e-06,
        1.5048158256009136e-05,
        2.1145845255476914e-05,
        6.595781926299615e-06,
        7.2367836103787164e-06,
        7.228175074577847e-06,
        6.596348756465753e-06,
        2.1145777627268325e-05,
        1.5048136311451854e-05,
        5.297172371090952e-06
      ],
      "native_lineout": [
        0.07617744516888218,
        0.07698080217704754,
        0.07863567964903234,
        0.08024777654986666,
        0.0810068246058938,
        0.08100682460431573,
        0.08024777654698756,
        0.07863567964722702,
        0.07698080217671548,
        0.07617744516896792
      ],
      "reference_lineout": [
        0.07618274226295148,
        0.07699585010647844,
        0.07865682549428782,
        0.08025437215419931,
        0.08100278082386374,
        0.08100277634032535,
        0.08025437289574402,
        0.07865682539236259,
        0.07699585012016506,
        0.07618274226188672
      ]
    }
  },
  "reference_binary": "<reference-root>/build/hermes-3",
  "reference_code": "hermes-3",
  "reference_elapsed_seconds": 0.2788238753564656,
  "reference_path": "<reference-root>/tests/integrated/neutral_mixed/data/BOUT.inp",
  "reference_root": "<reference-root>",
  "time_points": [
    0.0,
    20.0
  ],
  "worst_field": "Nh",
  "worst_max_abs_error": 0.00021939053106800888,
  "x_index": 5,
  "y_coordinate": [
    0,
    1,
    2,
    3,
    4,
    5,
    6,
    7,
    8,
    9
  ],
  "y_index": 5,
  "z_index": 5
}