{
  "boundary_band_cells": 2,
  "case_name": "neutral_mixed_one_step",
  "compare_variables": [
    "Nh",
    "Ph",
    "NVh"
  ],
  "field_metrics": {
    "NVh": {
      "interior_max_abs_error": 0.0017477771580772488,
      "lineout_max_abs_error": 0.0033738644105848386,
      "lower_boundary_max_abs_error": 0.0033738644105848386,
      "max_abs_error": 0.0033738644105848386,
      "rms_error": 0.001315573937073333,
      "upper_boundary_max_abs_error": 0.0033738643412479733
    },
    "Nh": {
      "interior_max_abs_error": 0.010702163570078582,
      "lineout_max_abs_error": 0.010702163570078582,
      "lower_boundary_max_abs_error": 0.008250974207294148,
      "max_abs_error": 0.010702163570078582,
      "rms_error": 0.002963177362565552,
      "upper_boundary_max_abs_error": 0.008250974982547121
    },
    "Ph": {
      "interior_max_abs_error": 0.0008650618068394844,
      "lineout_max_abs_error": 0.0008650618068394844,
      "lower_boundary_max_abs_error": 0.0006159912108995441,
      "max_abs_error": 0.0008650618068394844,
      "rms_error": 0.00022340225816831562,
      "upper_boundary_max_abs_error": 0.0006159912964649461
    }
  },
  "native_elapsed_seconds": 1.1401572919858154,
  "native_to_reference_runtime_ratio": 3.57243896398862,
  "notes": {
    "comparison_surface": "live_native_vs_live_reference_neutral_mixed_centerline",
    "plot_note": "The lineouts follow the literature pattern of 1D open-field parallel-profile comparison at a fixed cross-field location, with a separate absolute-error panel to expose boundary-localized mismatch."
  },
  "profile_time_index": 1,
  "profiles": {
    "NVh": {
      "abs_diff_lineout": [
        0.0033738644105848386,
        0.002648082750753176,
        0.001729878464028399,
        0.0008601368150737954,
        0.00024802313483964313,
        0.00024802299121438805,
        0.0008601367132227071,
        0.001729878382011949,
        0.002648082690262856,
        0.0033738643412479733
      ],
      "line_x": 4,
      "line_z": 5,
      "max_abs_profile_y": [
        0.0033738644105848386,
        0.002648082750753176,
        0.0017477771580772488,
        0.0009787041214618366,
        0.0003010655868742561,
        0.0003010654591738199,
        0.0009787039952399467,
        0.0017477770772986493,
        0.002648082690262856,
        0.0033738643412479733
      ],
      "native_lineout": [
        -0.0037169231886786717,
        -0.00369617600981116,
        -0.003164970557987479,
        -0.0018943145646337144,
        -0.0005871311000885034,
        0.0005871309787989084,
        0.0018943144582419884,
        0.0031649704713074918,
        0.003696175934812854,
        0.003716923112042409
      ],
      "reference_lineout": [
        -0.0003430587780938333,
        -0.0010480932590579838,
        -0.00143509209395908,
        -0.001034177749559919,
        -0.0003391079652488603,
        0.00033910798758452035,
        0.0010341777450192813,
        0.0014350920892955428,
        0.001048093244549998,
        0.0003430587707944356
      ]
    },
    "Nh": {
      "abs_diff_lineout": [
        0.004925786812509436,
        0.008250972849305316,
        0.010702162955817052,
        0.008219978029843533,
        0.0042891230892172505,
        0.004289138104479395,
        0.008219976680778562,
        0.010702163570078582,
        0.008250973654161164,
        0.004925788079849447
      ],
      "line_x": 7,
      "line_z": 0,
      "max_abs_profile_y": [
        0.004925787876294718,
        0.008250974207294148,
        0.010702162955817052,
        0.008219978029843533,
        0.007962151608695955,
        0.007962154417758271,
        0.008219976680778562,
        0.010702163570078582,
        0.008250974982547121,
        0.004925789025970073
      ],
      "native_lineout": [
        0.7563974923129922,
        0.7613532125114072,
        0.7758723084547695,
        0.7946884552299809,
        0.8062569497320362,
        0.8062569496642774,
        0.7946884549448201,
        0.7758723078912676,
        0.7613532117117102,
        0.7563974910831047
      ],
      "reference_lineout": [
        0.7613232791255017,
        0.7696041853607125,
        0.7865744714105866,
        0.8029084332598244,
        0.8105460728212535,
        0.8105460877687568,
        0.8029084316255987,
        0.7865744714613462,
        0.7696041853658714,
        0.7613232791629542
      ]
    },
    "Ph": {
      "abs_diff_lineout": [
        0.00027119677220009686,
        0.0006159912108995441,
        0.0008650618068394844,
        0.0006432416793666074,
        0.00028039679697758335,
        0.0002803914058724516,
        0.0006432425213589998,
        0.000865061791593888,
        0.0006159912964649461,
        0.00027119687843142615
      ],
      "line_x": 1,
      "line_z": 0,
      "max_abs_profile_y": [
        0.000353373320976319,
        0.0006159912108995441,
        0.0008650618068394844,
        0.0006432432846245201,
        0.0005666950708405477,
        0.000566696159988736,
        0.0006432425213589998,
        0.000865061791593888,
        0.0006159912964649461,
        0.00035337320735766287
      ],
      "native_lineout": [
        0.07591110818920216,
        0.07637881529774598,
        0.07779026877345933,
        0.07961022332796622,
        0.08072202841153032,
        0.08072202840450032,
        0.07961022329781912,
        0.07779026871404289,
        0.07637881521432151,
        0.07591110806478626
      ],
      "reference_lineout": [
        0.07618230496140226,
        0.07699480650864553,
        0.07865533058029882,
        0.08025346500733282,
        0.08100242520850791,
        0.08100241981037277,
        0.08025346581917812,
        0.07865533050563678,
        0.07699480651078645,
        0.07618230494321769
      ]
    }
  },
  "reference_binary": "~/local/hermes-3/build/hermes-3",
  "reference_code": "hermes-3",
  "reference_elapsed_seconds": 0.31915374999516644,
  "reference_path": "~/local/hermes-3/tests/integrated/neutral_mixed/data/BOUT.inp",
  "reference_root": "~/local/hermes-3",
  "time_points": [
    0.0,
    20.0
  ],
  "worst_field": "Nh",
  "worst_max_abs_error": 0.010702163570078582,
  "x_index": 5,
  "y_coordinate": [
    0,
    1,
    2,
    3,
    4,
    5,
    6,
    7,
    8,
    9
  ],
  "y_index": 5,
  "z_index": 5
}