{
  "actual": {
    "benchmark": {
      "alfven_speed": 1379514.1976958993,
      "analytic_omega": 2980068.9507827586,
      "analytic_phase_speed": 948585.4085435085,
      "electron_skin_depth": 0.0016805336964933642,
      "kpar": 3.141592653589793,
      "kperp": 628.3185307179587
    },
    "field_variable": "phi",
    "mean_square_history": [
      0.0,
      4.274048492501134e-09,
      3.128715399979607e-09,
      1.6976764021109345e-09,
      5.098493556397778e-10,
      3.3620693996336233e-12,
      3.6373868760497586e-10,
      1.4556365524569035e-09,
      2.8733293259856745e-09,
      4.0911875989598595e-09,
      4.658448424627666e-09,
      4.365770974448189e-09,
      3.3222065971763276e-09,
      1.914122186475011e-09,
      6.620246789326013e-10,
      2.7944326072170257e-11,
      2.4471982690055815e-10,
      1.230206638866495e-09,
      2.6179812809415954e-09,
      3.893396105174304e-09,
      4.5842303023832485e-09
    ],
    "measured_omega": 2960067.2267199936,
    "measured_phase_speed": 942218.6620336102,
    "relative_phase_speed_error": 0.006711832643171335,
    "time_seconds": [
      0.0,
      1.0439684754508786e-07,
      2.0879369509017573e-07,
      3.1319054263526356e-07,
      4.1758739018035145e-07,
      5.219842377254393e-07,
      6.263810852705271e-07,
      7.30777932815615e-07,
      8.351747803607029e-07,
      9.395716279057907e-07,
      1.0439684754508786e-06,
      1.1483653229959664e-06,
      1.2527621705410542e-06,
      1.357159018086142e-06,
      1.46155586563123e-06,
      1.565952713176318e-06,
      1.6703495607214058e-06,
      1.7747464082664936e-06,
      1.8791432558115815e-06,
      1.983540103356669e-06,
      2.087936950901757e-06
    ],
    "x_index": 2
  },
  "expected": {
    "benchmark": {
      "alfven_speed": 1379514.1976958993,
      "analytic_omega": 2980068.9507827586,
      "analytic_phase_speed": 948585.4085435085,
      "electron_skin_depth": 0.0016805336964933642,
      "kpar": 3.141592653589793,
      "kperp": 628.3185307179587
    },
    "field_variable": "phi",
    "mean_square_history": [
      0.0,
      4.274048492501134e-09,
      3.128715399979607e-09,
      1.6976764021109345e-09,
      5.098493556397778e-10,
      3.3620693996336233e-12,
      3.6373868760497586e-10,
      1.4556365524569035e-09,
      2.8733293259856745e-09,
      4.0911875989598595e-09,
      4.658448424627666e-09,
      4.365770974448189e-09,
      3.3222065971763276e-09,
      1.914122186475011e-09,
      6.620246789326013e-10,
      2.7944326072170257e-11,
      2.4471982690055815e-10,
      1.230206638866495e-09,
      2.6179812809415954e-09,
      3.893396105174304e-09,
      4.5842303023832485e-09
    ],
    "measured_omega": 2960067.2267199936,
    "measured_phase_speed": 942218.6620336102,
    "relative_phase_speed_error": 0.006711832643171335,
    "time_seconds": [
      0.0,
      1.0439684754508786e-07,
      2.0879369509017573e-07,
      3.1319054263526356e-07,
      4.1758739018035145e-07,
      5.219842377254393e-07,
      6.263810852705271e-07,
      7.30777932815615e-07,
      8.351747803607029e-07,
      9.395716279057907e-07,
      1.0439684754508786e-06,
      1.1483653229959664e-06,
      1.2527621705410542e-06,
      1.357159018086142e-06,
      1.46155586563123e-06,
      1.565952713176318e-06,
      1.6703495607214058e-06,
      1.7747464082664936e-06,
      1.8791432558115815e-06,
      1.983540103356669e-06,
      2.087936950901757e-06
    ],
    "x_index": 2
  },
  "mean_square_max_abs_error": 0.0,
  "mean_square_rms_error": 0.0,
  "omega_error": 0.0,
  "phase_speed_error": 0.0
}
