{
  "actual": {
    "background_density": 1.0,
    "center_of_mass_x_history": [
      63.5000000000489,
      63.93604312718099,
      65.20007266888304,
      67.22459619624112,
      69.92147607024386,
      73.16183322073361,
      76.77753720934064,
      80.59099103453725,
      84.44452570354919,
      88.19045565632877,
      91.67058884816528,
      94.72909169318046,
      97.30138469451641,
      99.4861129336632,
      101.46589175759877,
      103.3811933053705,
      105.27676827199899,
      107.11393118669234,
      108.84915227511792,
      110.49058950274232,
      112.07855185695496,
      113.64548303701132,
      115.19879911586453,
      116.73135849107527,
      118.23257752730025,
      119.69599158763694,
      121.11584930378162,
      122.48709571318808,
      123.80173575280723,
      125.05789235535043,
      126.27423375735275,
      127.46808700103844,
      128.64463576518213,
      129.8106720303328,
      130.97975726684146,
      132.17257522068547,
      133.4019962089162,
      134.6765433020945,
      135.9993540850231,
      137.3836261573114,
      138.82763761097232,
      140.33332161867662,
      141.87997412384598,
      143.4364053902753,
      144.97562829104353,
      146.47976065923885,
      147.93670215915068,
      149.344526163011,
      150.70443555906667,
      152.0132933642611,
      153.29008825247462
    ],
    "center_of_mass_z_history": [
      128.0,
      128.02270635838744,
      128.07912014537,
      128.1575310374082,
      128.2502062591425,
      128.35146627105385,
      128.45668551008504,
      128.56192557036545,
      128.66423055599478,
      128.7622766151288,
      128.8550011679321,
      128.94512311016965,
      129.03601362018367,
      129.1278791591679,
      129.22034913841193,
      129.3129197149435,
      129.4074595819154,
      129.5045101586865,
      129.60314977558875,
      129.70391160548408,
      129.80809976205154,
      129.91634246795257,
      130.02798325649786,
      130.1365674600465,
      130.23851399094033,
      130.3303399192992,
      130.4070183577151,
      130.44654408834808,
      130.44849420748866,
      130.42002203905483,
      130.34374375178854,
      130.2166262428993,
      130.06043256405349,
      129.91559114683415,
      129.81064074167145,
      129.76217706762654,
      129.76183763205032,
      129.79896693112002,
      129.8511261881826,
      129.91223300230791,
      129.9730699828412,
      130.04710378742467,
      130.13844758698366,
      130.25576596707725,
      130.40193867294133,
      130.5736754799546,
      130.77063499091184,
      130.9918918404251,
      131.25103113860516,
      131.55353900895946,
      131.91342303121587
    ],
    "density_variable": "Ne",
    "peak_excess_history": [
      0.49923764232753753,
      0.4992318918774865,
      0.49786081327390486,
      0.4966787146700029,
      0.49479705492925663,
      0.4913704022276568,
      0.48522799107875625,
      0.4721969222728566,
      0.45469050211114115,
      0.4362117682326807,
      0.41823080360604314,
      0.40051836623152215,
      0.3824714420599442,
      0.3647433909846787,
      0.3500709972253304,
      0.33767227698940716,
      0.3267572793395086,
      0.31861819570485084,
      0.31273452888520414,
      0.30847700131491496,
      0.30626876694206717,
      0.304968174963248,
      0.30435255930823835,
      0.30415830885549555,
      0.30395464758520974,
      0.30383865226106255,
      0.3037680095404247,
      0.3036422063970077,
      0.303479664500637,
      0.3033461687086154,
      0.30325256500504416,
      0.3027486025471613,
      0.30146866000111205,
      0.29967046868489744,
      0.2980953946680023,
      0.2955453915713877,
      0.2931285714946039,
      0.2886957699118733,
      0.28471991456052215,
      0.27916643489826987,
      0.2721283106800134,
      0.26343593499096785,
      0.2555100617155328,
      0.2492346045917091,
      0.24557538505630183,
      0.24349361851871154,
      0.24060585015541824,
      0.23879692480793557,
      0.2349557424661206,
      0.23125511207296157,
      0.2255917211993408
    ],
    "time_points": [
      0.0,
      50.0,
      100.0,
      150.0,
      200.0,
      250.0,
      300.0,
      350.0,
      400.0,
      450.0,
      500.0,
      550.0,
      600.0,
      650.0,
      700.0,
      750.0,
      800.0,
      850.0,
      900.0,
      950.0,
      1000.0,
      1050.0,
      1100.0,
      1150.0,
      1200.0,
      1250.0,
      1300.0,
      1350.0,
      1400.0,
      1450.0,
      1500.0,
      1550.0,
      1600.0,
      1650.0,
      1700.0,
      1750.0,
      1800.0,
      1850.0,
      1900.0,
      1950.0,
      2000.0,
      2050.0,
      2100.0,
      2150.0,
      2200.0,
      2250.0,
      2300.0,
      2350.0,
      2400.0,
      2450.0,
      2500.0
    ]
  },
  "center_of_mass_x_max_abs_error": 0.6288833830092813,
  "center_of_mass_z_max_abs_error": 0.7323756390978815,
  "expected": {
    "background_density": 1.0,
    "center_of_mass_x_history": [
      63.5000000000489,
      63.93604264063113,
      65.20007239996434,
      67.22461590000542,
      69.92151243675005,
      73.16187405596847,
      76.77754899111004,
      80.59097634326251,
      84.44449176077084,
      88.19041840449913,
      91.67057999681327,
      94.72912512901134,
      97.30153219844274,
      99.48644718429769,
      101.46639133536756,
      103.38184779934802,
      105.27753531062127,
      107.11478971171407,
      108.85011399605504,
      110.4915858277941,
      112.07939757947888,
      113.64602670493856,
      115.19893318388051,
      116.73106549076138,
      118.23162750677875,
      119.69463525823258,
      121.11555704873551,
      122.48982428597712,
      123.81084606104297,
      125.07959780869596,
      126.31193783944559,
      127.52501388431814,
      128.72404361640127,
      129.91453807400595,
      131.10788443226858,
      132.32448870877076,
      133.5778421970757,
      134.87908581864923,
      136.23953864607762,
      137.6694429534949,
      139.17062029731258,
      140.74063604237472,
      142.35497181365366,
      143.9821713073253,
      145.5757931186469,
      147.10864404224813,
      148.56401635747923,
      149.9404837824333,
      151.26278049074335,
      152.55697797978655,
      153.841366748258
    ],
    "center_of_mass_z_history": [
      128.0,
      128.0227063186895,
      128.07912005366995,
      128.15753091817336,
      128.25020615077597,
      128.35146623865577,
      128.456685738817,
      128.5619264402377,
      128.66423344965318,
      128.76228016493192,
      128.85499292484377,
      128.94511394845094,
      129.03600151208227,
      129.12787363830395,
      129.22035398907215,
      129.31292258117853,
      129.40745964497015,
      129.50452657948182,
      129.60322515835165,
      129.7040109258615,
      129.80825750316023,
      129.9168686280461,
      130.02959949926745,
      130.13958981930784,
      130.2445071982744,
      130.33836800327506,
      130.4183588433957,
      130.46273870490216,
      130.46718228771556,
      130.43798558333867,
      130.36118339578985,
      130.23047494852455,
      130.07086718242255,
      129.92127593017318,
      129.81019028323615,
      129.7551999183829,
      129.74713308131768,
      129.77424777161136,
      129.81473972199402,
      129.86427905518048,
      129.9153630305043,
      129.97941549660752,
      130.05384260679267,
      130.15039387234748,
      130.26502355148915,
      130.39963077174556,
      130.54563069356192,
      130.6875956506712,
      130.8289374974004,
      130.9852430941752,
      131.181047392118
    ],
    "density_variable": "Ne",