{
  "background_density": 1.0,
  "center_of_mass_x_history": [
    63.5000000000489,
    63.93604264063113
  ],
  "center_of_mass_z_history": [
    128.0,
    128.0227063186895
  ],
  "density_variable": "Ne",
  "peak_excess_history": [
    0.49923764232753753,
    0.4992217939354153
  ],
  "time_points": [
    0.0,
    50.0
  ]
}