{
  "benchmark": {
    "analytic_gamma_over_wstar": 0.2861001063781666,
    "analytic_omega_over_wstar": 0.22863593640793803,
    "coulomb_log": 13.730611802544656,
    "nu_ei": 398929.8793590401,
    "sigmapar": 3312006.323951027,
    "sigmapar_over_wstar": 1.0542443560168462,
    "simple_analytic_gamma_over_wstar": 0.2999520891066392,
    "simple_analytic_omega_over_wstar": 0.6373335490742454,
    "wce": 35173475888.85865,
    "wci": 19157666.606132165,
    "wstar": 3141592.6535897935
  },
  "density_variable": "Ni",
  "equilibrium_density": 1.0,
  "fit_points": 10,
  "log_rms_history": [
    -7.254328869262121,
    -7.254606207756697,
    -7.254876356772625,
    -7.255087731089801,
    -7.255106391922345,
    -7.254690723662879,
    -7.253131624169023,
    -7.249093492171,
    -7.2409724185971704,
    -7.22630634017075,
    -7.20257667175622,
    -7.1667043978684335,
    -7.116621282984511,
    -7.051415032370347,
    -6.971700070041008,
    -6.879636294799833,
    -6.778144523822397,
    -6.6704887634488985,
    -6.55951393153022,
    -6.44747809910502,
    -6.336052114306503,
    -6.226535601039434,
    -6.119416866061627,
    -6.015131852211209,
    -5.913918186729623,
    -5.815488732563271,
    -5.7198489659245935,
    -5.626503551640118,
    -5.535392161197072,
    -5.445876576430581,
    -5.357637445990481,
    -5.270502630250232,
    -5.18381624423553,
    -5.09739532412668,
    -5.01094278363503,
    -4.924239049980941,
    -4.837047775032268,
    -4.749209084886298,
    -4.660951433381209,
    -4.571919973527798,
    -4.482191750604925,
    -4.3923158074419355,
    -4.301865234598572,
    -4.210992638844422,
    -4.120396108064126,
    -4.02968765253573,
    -3.938870955643245,
    -3.8487259467900623,
    -3.7589044887585104,
    -3.669183956290517,
    -3.580409180053004
  ],
  "measured_gamma_over_wstar": 0.27478899792606537,
  "measured_omega_over_wstar": 0.23224315136107637,
  "peak_history": [
    7.1711899507500965,
    34.16656498162442,
    34.181528636470375,
    34.21964286137922,
    34.2918154969329,
    34.41601461837746,
    34.57583266575418,
    34.76924978658934,
    35.04697756656415,
    35.39598354143439,
    35.77613584407962,
    36.21510181386518,
    36.690439281032916,
    37.1593570587199,
    37.638651500090006,
    38.07414864447559,
    38.513042002296956,
    38.89588232419731,
    39.25458448020964,
    39.60482292844217,
    39.93200729670586,
    40.22944966342393,
    40.53978629401472,
    40.81884518162819,
    41.097542768342386,
    41.38570399249585,
    41.66047902182306,
    41.94658705072692,
    42.227697821254246,
    42.54154653243242,
    42.82117623451202,
    43.113506943473936,
    43.44277787560493,
    43.735879605720086,
    44.0419089661244,
    44.365147232645484,
    44.68098626514281,
    44.996655492310666,
    45.31329880895913,
    45.63983034201027,
    45.962019407948745,
    46.27520489678366,
    46.6067763233858,
    46.93544861928852,
    47.251852390121414,
    47.58785913049438,
    47.920385548044976,
    48.241773629645365,
    48.581527023772466,
    48.910246825502824,
    49.23124780135472
  ],
  "rms_history": [
    0.0007071067811865396,
    0.0007069107004479657,
    0.0007067197550109131,
    0.0007065703883919532,
    0.0007065572033232769,
    0.0007068509577741667,
    0.0007079538682948692,
    0.0007108184593693715,
    0.0007166145718481679,
    0.000727201945211883,
    0.0007446645780635413,
    0.0007718622952577965,
    0.0008115039666420771,
    0.0008661824135582991,
    0.0009380567872230862,
    0.0010285180545209294,
    0.0011383851865141023,
    0.001267778955538142,
    0.0014165740950349075,
    0.0015845131192837698,
    0.0017712812675373907,
    0.0019762866961434817,
    0.002199738331186455,
    0.002441526422669646,
    0.0027015808245524054,
    0.002981023048355162,
    0.0032802062878564122,
    0.003601144556675114,
    0.003944661389489894,
    0.004314056749251183,
    0.00471202538192721,
    0.005141025888385724,
    0.0056065694976393495,
    0.006112647313358053,
    0.006664617051541925,
    0.0072682549547718085,
    0.00793043194540724,
    0.008658540666349248,
    0.009457459976662332,
    0.010338091788206393,
    0.01130860034121216,
    0.01237204474610832,
    0.013543274054997853,
    0.014831638568056275,
    0.01623808113300849,
    0.017779882587680006,
    0.019470185042878955,
    0.02130686523298739,
    0.023309261951256065,
    0.025497268344767617,
    0.027864294408829766
  ],
  "time_seconds": [
    0.0,
    1.0439684754508786e-07,
    2.0879369509017573e-07,
    3.1319054263526356e-07,
    4.1758739018035145e-07,
    5.219842377254393e-07,
    6.263810852705271e-07,
    7.30777932815615e-07,
    8.351747803607029e-07,
    9.395716279057907e-07,
    1.0439684754508786e-06,
    1.1483653229959664e-06,
    1.2527621705410542e-06,
    1.357159018086142e-06,
    1.46155586563123e-06,
    1.565952713176318e-06,
    1.6703495607214058e-06,
    1.7747464082664936e-06,
    1.8791432558115815e-06,
    1.983540103356669e-06,
    2.087936950901757e-06,
    2.192333798446845e-06,
    2.296730645991933e-06,
    2.401127493537021e-06,
    2.5055243410821085e-06,
    2.6099211886271965e-06,
    2.714318036172284e-06,
    2.818714883717372e-06,
    2.92311173126246e-06,
    3.027508578807548e-06,
    3.131905426352636e-06,
    3.2363022738977236e-06,
    3.3406991214428116e-06,
    3.4450959689878992e-06,
    3.5494928165329873e-06,
    3.653889664078075e-06,
    3.758286511623163e-06,
    3.862683359168251e-06,
    3.967080206713338e-06,
    4.071477054258426e-06,
    4.175873901803514e-06,
    4.280270749348602e-06,
    4.38466759689369e-06,
    4.489064444438778e-06,
    4.593461291983866e-06,
    4.697858139528954e-06,
    4.802254987074042e-06,
    4.906651834619129e-06,
    5.011048682164217e-06,
    5.115445529709305e-06,
    5.219842377254393e-06
  ],
  "time_wstar": [
    0.0,
    0.3279723693055817,
    0.6559447386111634,
    0.983917107916745,
    1.3118894772223268,
    1.6398618465279085,
    1.96783421583349,
    2.2958065851390717,
    2.6237789544446537,
    2.9517513237502353,
    3.279723693055817,
    3.6076960623613985,
    3.93566843166698,
    4.263640800972562,
    4.591613170278143,
    4.919585539583726,
    5.247557908889307,
    5.575530278194889,
    5.903502647500471,
    6.231475016806051,
    6.559447386111634,
    6.887419755417216,
    7.215392124722797,
    7.5433644940283795,
    7.87133686333396,
    8.199309232639543,
    8.527281601945123,
    8.855253971250706,
    9.183226340556287,
    9.511198709861869,
    9.839171079167452,
    10.167143448473032,
    10.495115817778615,
    10.823088187084196,
    11.151060556389778,
    11.479032925695359,
    11.807005295000941,
    12.134977664306524,
    12.462950033612103,
    12.790922402917685,
    13.118894772223268,
    13.44686714152885,
    13.774839510834433,
    14.102811880140012,
    14.430784249445594,
    14.758756618751177,
    15.086728988056759,
    15.414701357362338,
    15.74267372666792,
    16.0706460959735,
    16.398618465279085
  ],
  "trace_x_index": 0,
  "trace_y_index": 0
}